-- phpMyAdmin SQL Dump
-- version 5.2.1
-- https://www.phpmyadmin.net/
--
-- Host: 127.0.0.1
-- Waktu pembuatan: 03 Sep 2024 pada 17.15
-- Versi server: 10.4.32-MariaDB
-- Versi PHP: 8.2.12

SET SQL_MODE = "NO_AUTO_VALUE_ON_ZERO";
START TRANSACTION;
SET time_zone = "+00:00";


/*!40101 SET @OLD_CHARACTER_SET_CLIENT=@@CHARACTER_SET_CLIENT */;
/*!40101 SET @OLD_CHARACTER_SET_RESULTS=@@CHARACTER_SET_RESULTS */;
/*!40101 SET @OLD_COLLATION_CONNECTION=@@COLLATION_CONNECTION */;
/*!40101 SET NAMES utf8mb4 */;

--
-- Database: `simandad`
--

-- --------------------------------------------------------

--
-- Struktur dari tabel `bagian`
--

CREATE TABLE `bagian` (
  `id_bagian` int(11) NOT NULL,
  `nama_bagian` varchar(200) NOT NULL,
  `kepala_bagian` varchar(100) NOT NULL,
  `created_at` datetime DEFAULT NULL,
  `updated_at` datetime DEFAULT NULL,
  `deleted_at` datetime DEFAULT NULL
) ENGINE=InnoDB DEFAULT CHARSET=utf8mb4 COLLATE=utf8mb4_general_ci;

--
-- Dumping data untuk tabel `bagian`
--

INSERT INTO `bagian` (`id_bagian`, `nama_bagian`, `kepala_bagian`, `created_at`, `updated_at`, `deleted_at`) VALUES
(10, 'Pimpinan', 'Sesdisinfolahtad', '2024-08-26 14:24:59', NULL, NULL),
(11, 'Subdisbinfung', 'Kasubdisbinfung', '2024-08-26 14:25:30', NULL, NULL),
(12, 'Subdisduklahta', 'Kasubdisduklahta', '2024-08-26 14:26:20', NULL, NULL),
(13, 'Subdisbinmatsisfo', 'Kasubdisbinmatsisfo', '2024-08-26 14:26:44', NULL, NULL),
(14, 'Subdisbinsisfomin', 'Kasubdisbinsisfomin', '2024-08-26 14:27:03', NULL, NULL),
(15, 'Subdisbinsisfoops', 'Kasubdisbinsisfoops', '2024-08-26 14:27:40', NULL, NULL),
(16, 'Subdisinformatika', 'Kasubdisinformatika', '2024-08-26 14:29:08', NULL, NULL),
(17, 'Bagpamops', 'Kabagpamops', '2024-08-26 14:30:14', NULL, NULL),
(18, 'Bagtuud', 'Kabagtuud', '2024-08-26 14:30:26', NULL, NULL),
(19, 'Bagum', 'Kabagum', '2024-08-26 14:30:36', NULL, NULL),
(20, 'Bagter', 'Kabagter', '2024-08-26 14:30:48', NULL, NULL),
(21, 'Keuangan', 'Paku', '2024-08-26 14:30:57', NULL, NULL),
(22, 'Korpri', 'Ketua Korpri', '2024-08-26 14:31:11', NULL, NULL),
(24, 'Tim Bekharlap', 'Katim Bekharlap', '2024-08-28 14:10:51', NULL, NULL);

-- --------------------------------------------------------

--
-- Struktur dari tabel `delegasi_sk`
--

CREATE TABLE `delegasi_sk` (
  `id_delegasi` int(11) NOT NULL,
  `id_sk` int(11) NOT NULL,
  `id_personel` int(11) NOT NULL,
  `deleted_at` datetime DEFAULT NULL
) ENGINE=InnoDB DEFAULT CHARSET=utf8mb4 COLLATE=utf8mb4_general_ci;

-- --------------------------------------------------------

--
-- Struktur dari tabel `disposisi`
--

CREATE TABLE `disposisi` (
  `id_disposisi` int(11) NOT NULL,
  `id_sm` int(11) NOT NULL,
  `id_user` int(11) NOT NULL,
  `isi_dispo` varchar(255) NOT NULL,
  `keterangan` text NOT NULL,
  `level_dispo` enum('Level 1','Level 2') NOT NULL,
  `created_at` datetime DEFAULT NULL,
  `updated_at` datetime DEFAULT NULL,
  `deleted_at` datetime DEFAULT NULL
) ENGINE=InnoDB DEFAULT CHARSET=utf8mb4 COLLATE=utf8mb4_general_ci;

-- --------------------------------------------------------

--
-- Struktur dari tabel `jawaban_disposisi`
--

CREATE TABLE `jawaban_disposisi` (
  `id_jawaban` int(11) NOT NULL,
  `id_disposisi` int(11) NOT NULL,
  `id_personel` int(11) NOT NULL,
  `jawaban_dispo` text NOT NULL,
  `created_at` datetime DEFAULT NULL,
  `updated_at` datetime DEFAULT NULL,
  `deleted_at` datetime DEFAULT NULL
) ENGINE=InnoDB DEFAULT CHARSET=utf8mb4 COLLATE=utf8mb4_general_ci;

-- --------------------------------------------------------

--
-- Struktur dari tabel `klasifikasi`
--

CREATE TABLE `klasifikasi` (
  `id_klasifikasi` int(11) NOT NULL,
  `kode_klasifikasi` varchar(10) NOT NULL,
  `nama_klasifikasi` varchar(100) NOT NULL,
  `jenis_klasifikasi` enum('Surat Masuk','Surat Keluar') NOT NULL,
  `created_at` datetime DEFAULT NULL,
  `updated_at` datetime DEFAULT NULL,
  `deleted_at` datetime DEFAULT NULL
) ENGINE=InnoDB DEFAULT CHARSET=utf8mb4 COLLATE=utf8mb4_general_ci;

--
-- Dumping data untuk tabel `klasifikasi`
--

INSERT INTO `klasifikasi` (`id_klasifikasi`, `kode_klasifikasi`, `nama_klasifikasi`, `jenis_klasifikasi`, `created_at`, `updated_at`, `deleted_at`) VALUES
(1, 'B', 'Biasa', 'Surat Masuk', '2024-07-24 00:23:02', NULL, NULL),
(2, 'R', 'Rahasia', 'Surat Masuk', '2024-07-24 00:26:34', NULL, NULL),
(3, 'ST', 'Surat Telegram', 'Surat Masuk', '2024-08-04 08:17:21', NULL, NULL),
(4, 'B', 'Biasa', 'Surat Keluar', '2024-08-04 08:26:59', NULL, NULL),
(5, 'STR', 'Surat Telegram Rahasia', 'Surat Masuk', '2024-08-04 08:28:14', NULL, NULL),
(6, 'R', 'Rahasia', 'Surat Keluar', '2024-08-04 18:57:05', NULL, NULL),
(7, 'ST', 'Surat Telegram', 'Surat Keluar', '2024-08-04 18:58:00', NULL, NULL),
(8, 'STR', 'Surat Telegram Rahasia', 'Surat Keluar', '2024-08-04 18:58:14', NULL, NULL),
(9, 'Sprin', 'Surat Perintah', 'Surat Keluar', '2024-08-05 11:16:15', NULL, NULL);

-- --------------------------------------------------------

--
-- Struktur dari tabel `kopstuk`
--

CREATE TABLE `kopstuk` (
  `id_kopstuk` int(11) NOT NULL,
  `kotama` varchar(200) NOT NULL,
  `satminkal` varchar(200) NOT NULL,
  `created_at` datetime DEFAULT NULL,
  `updated_at` datetime DEFAULT NULL,
  `deleted_at` datetime DEFAULT NULL
) ENGINE=InnoDB DEFAULT CHARSET=utf8mb4 COLLATE=utf8mb4_general_ci;

--
-- Dumping data untuk tabel `kopstuk`
--

INSERT INTO `kopstuk` (`id_kopstuk`, `kotama`, `satminkal`, `created_at`, `updated_at`, `deleted_at`) VALUES
(1, 'Markas Besar Angkatan Darat', 'Dinas Informasi dan Pengolahan Data', '2024-07-23 22:17:14', '2024-07-23 22:18:17', NULL);

-- --------------------------------------------------------

--
-- Struktur dari tabel `kotama`
--

CREATE TABLE `kotama` (
  `id_kotama` int(11) NOT NULL,
  `kode_kotama` int(11) NOT NULL,
  `nama_kotama` varchar(150) NOT NULL
) ENGINE=InnoDB DEFAULT CHARSET=utf8mb4 COLLATE=utf8mb4_general_ci;

--
-- Dumping data untuk tabel `kotama`
--

INSERT INTO `kotama` (`id_kotama`, `kode_kotama`, `nama_kotama`) VALUES
(1, 1, 'KODAM I/BB'),
(2, 2, 'KODAM II/SWJ'),
(3, 3, 'KODAM III/SLW'),
(4, 4, 'KODAM IV/DIP'),
(5, 5, 'KODAM V/BRW'),
(6, 6, 'KODAM VI/MLW'),
(7, 7, 'KODAM VII/WRB'),
(8, 8, 'KODAM XVIII/KSR'),
(9, 9, 'KODAM IX/UDY'),
(10, 10, 'KODAM IM'),
(11, 12, 'KODAM XII/TPR'),
(12, 13, 'KODAM XIII/MDK'),
(13, 14, 'KODAM XIV/HSN'),
(14, 15, 'KODAM JAYA'),
(15, 16, 'KODAM XVI/PTM'),
(16, 17, 'KODAM XVII/CEN'),
(17, 18, 'KOPASSUS'),
(18, 19, 'KOSTRAD'),
(19, 20, 'KODIKLATAD'),
(20, 21, 'PUSZIAD'),
(21, 22, 'PUSBEKANGAD'),
(22, 23, 'PUSPALAD'),
(23, 24, 'PUSHUBAD'),
(24, 25, 'PUSKESAD'),
(25, 26, 'DITAJENAD'),
(26, 27, 'DITTOPAD'),
(27, 28, 'DITKUAD'),
(28, 29, 'DITKUMAD'),
(29, 30, 'RSPAD GATOT SOEBROTO'),
(30, 41, 'DISJASAD'),
(31, 42, 'DISPENAD'),
(32, 43, 'DISBINTALAD'),
(33, 44, 'DISPSIAD'),
(34, 45, 'DISLITBANGAD'),
(35, 46, 'DISINFOLAHTAD'),
(36, 47, 'DISJARAHAD'),
(37, 48, 'DISLAIKAD'),
(38, 49, 'DISADAAD'),
(39, 61, 'PUSSENIF'),
(40, 62, 'PUSSENKAV'),
(41, 63, 'PUSSENARMED'),
(42, 64, 'PUSSENARHANUD'),
(43, 65, 'PUSPOMAD'),
(44, 66, 'PUSTERAD'),
(45, 67, 'PUSPENERBAD'),
(46, 68, 'PUSINTELAD'),
(47, 69, 'PUSSANSIAD'),
(48, 71, 'AKMIL'),
(49, 72, 'SESKOAD'),
(50, 73, 'SECAPAAD'),
(51, 81, 'DENMABESAD'),
(52, 82, 'ITJENAD'),
(53, 83, 'INKOPAD'),
(54, 84, 'BP TWP TNI AD'),
(55, 90, 'MABES TNI'),
(56, 91, 'KEMHAN RI'),
(57, 92, 'WANTANNAS RI'),
(58, 93, 'BIN'),
(59, 94, 'KEMENKOPOLHUKAM RI'),
(60, 95, 'BNPB (BASARNAS)'),
(61, 96, 'KEMENSETNEG RI'),
(62, 97, 'LEMHANNAS RI'),
(63, 98, 'KEMENTRIAN & LEMBAGA LAIN'),
(64, 99, 'TIDAK DIKETAHUI');

-- --------------------------------------------------------

--
-- Struktur dari tabel `pemberitahuan`
--

CREATE TABLE `pemberitahuan` (
  `id_pemberitahuan` int(11) NOT NULL,
  `judul` varchar(255) NOT NULL,
  `keterangan` text NOT NULL,
  `dokumen` varchar(255) DEFAULT NULL,
  `created_at` datetime DEFAULT NULL,
  `updated_at` datetime DEFAULT NULL,
  `deleted_at` datetime DEFAULT NULL
) ENGINE=InnoDB DEFAULT CHARSET=utf8mb4 COLLATE=utf8mb4_general_ci;

--
-- Dumping data untuk tabel `pemberitahuan`
--

INSERT INTO `pemberitahuan` (`id_pemberitahuan`, `judul`, `keterangan`, `dokumen`, `created_at`, `updated_at`, `deleted_at`) VALUES
(1, 'Testing 1', 'Testing 1', 'assets/uploads/pemberitahuan/a5ad6c34d3b7078eabe134f082d14c88.pdf', '2024-08-04 20:42:52', '2024-08-04 20:46:12', NULL),
(2, 'Testing 2', 'Testing 2', 'assets/uploads/pemberitahuan/090fee971375b51e6b7ff3bbe0bcb09a.pdf', '2024-08-04 20:43:22', NULL, NULL);

-- --------------------------------------------------------

--
-- Struktur dari tabel `personel`
--

CREATE TABLE `personel` (
  `id_personel` int(11) NOT NULL,
  `id_satminkal` int(11) NOT NULL,
  `id_bagian` int(11) DEFAULT NULL,
  `nama_personel` varchar(200) NOT NULL,
  `nrp/nip` varchar(18) NOT NULL,
  `jabatan` varchar(150) NOT NULL,
  `pangkat` varchar(50) NOT NULL,
  `korps` varchar(10) NOT NULL,
  `created_at` datetime DEFAULT NULL,
  `updated_at` datetime DEFAULT NULL,
  `deleted_at` datetime DEFAULT NULL
) ENGINE=InnoDB DEFAULT CHARSET=utf8mb4 COLLATE=utf8mb4_general_ci;

--
-- Dumping data untuk tabel `personel`
--

INSERT INTO `personel` (`id_personel`, `id_satminkal`, `id_bagian`, `nama_personel`, `nrp/nip`, `jabatan`, `pangkat`, `korps`, `created_at`, `updated_at`, `deleted_at`) VALUES
(2, 286, 24, 'Diah Indah Savitri, A.Md.Kom.', '199804122020122002', 'Baminbekdisi Tim Bekharlap', 'Pengatur II/c', '', '2024-07-25 00:34:33', '2024-07-25 18:15:04', NULL);

-- --------------------------------------------------------

--
-- Struktur dari tabel `satminkal`
--

CREATE TABLE `satminkal` (
  `id_satminkal` int(11) NOT NULL,
  `kode_kotama` int(11) NOT NULL,
  `kode_satminkal` varchar(10) NOT NULL,
  `nama_satminkal` varchar(255) NOT NULL
) ENGINE=InnoDB DEFAULT CHARSET=utf8mb4 COLLATE=utf8mb4_general_ci;

--
-- Dumping data untuk tabel `satminkal`
--

INSERT INTO `satminkal` (`id_satminkal`, `kode_kotama`, `kode_satminkal`, `nama_satminkal`) VALUES
(1, 1, '1A0B', 'YONIF RAIDER 100/PS'),
(2, 1, '1A1A', 'BRIGIF-7/RIMBA RAYA'),
(3, 1, '1A3B', 'YONIF 126/KALA SAKTI'),
(4, 1, '1A3C', 'YONIF 122/TOMBAK SAKTI'),
(5, 1, '1A3D', 'YONIF 121/MACAN KUMBANG'),
(6, 1, '1A4B', 'YONIF 125/SMB'),
(7, 1, '1A4C', 'YONIF 123/RAJAWALI'),
(8, 1, '1A5B', 'YONIF 132/BIMA SAKTI'),
(9, 1, '1A5C', 'YONIF RK 136/TUAH SAKTI'),
(10, 1, '1A6B', 'YONIF 131/PRAJA SAKTI'),
(11, 1, '1A6C', 'YONIF 133/YUDHA SAKTI'),
(12, 1, '1B0B', 'YONKAV-6/NAGA KARIMATA'),
(13, 1, '1B0C', 'KIKAV 6/RAJAWALI BHAKTI TAMA'),
(14, 1, '1C0B', 'YON ARMED-2/105 TARIK'),
(15, 1, '1D0B', 'YON ARHANUDSE-11'),
(16, 1, '1D0C', 'YON ARHANUDSE-13'),
(17, 1, '1D0D', 'RAI ARHANUDRI-41/BS'),
(18, 1, '1D0F', 'DENARHANUD RUDAL 004/WSBY'),
(19, 1, '1E0B', 'YONZIPUR-1'),
(20, 1, '1E0D', 'DEN ZIPUR-2'),
(21, 1, '2Z0B', 'KODIM 0201 BS'),
(22, 1, '2Z3A', 'KOREM-022/PANTAI TIMUR'),
(23, 95, '4Z0A', 'BNPB (BASARNAS)'),
(24, 9, '2Z1I', 'KODIM 1627/ROTE NDAO REM-161'),
(25, 1, '2Z3B', 'KODIM 0207/SIMALUNGUN REM-022'),
(26, 1, '2Z3C', 'KODIM 0208/ASAHAN REM-022'),
(27, 1, '2Z3D', 'KODIM 0209/LABUHAN REM-022'),
(28, 1, '2Z3E', 'KODIM 0203/LANGKAT REM-022'),
(29, 1, '2Z3F', 'KODIM 0204/DELI SERDANG REM-022'),
(30, 1, '2Z4A', 'KOREM-023/KAWAL SAMUDRA'),
(31, 1, '2Z4B', 'KODIM 0210/TAPANULI UTARA REM-023'),
(32, 1, '2Z4C', 'KODIM 0211/TAPANULI TENGAH REM-023'),
(33, 1, '2Z4D', 'KODIM 0212/TAPANULI SELATAN REM-023'),
(34, 1, '2Z4E', 'KODIM 0213/NIAS REM-023'),
(35, 1, '2Z4F', 'KODIM 0205/TANAH KARO REM-023'),
(36, 1, '2Z4G', 'KODIM 0206/DAIRI REM-023'),
(37, 1, '2Z5A', 'KOREM-031/WIRA BIMA'),
(38, 1, '2Z5B', 'KODIM 0301/PEKANBARU REM-031'),
(39, 1, '2Z5C', 'KODIM 0302/INDRAGIRI HULU REM-031'),
(40, 1, '2Z5D', 'KODIM 0303/BENGKALIS REM-031'),
(41, 1, '2Z5E', 'KODIM 0313/KAMPAR REM-031'),
(42, 1, '2Z5F', 'KODIM 0314/INDRAGIRI HILIR REM-031'),
(43, 1, '2Z5K', 'KODIM 0320/DUMAI REM-031'),
(44, 1, '2Z6A', 'KOREM-032/WIRA BRAJA'),
(45, 1, '2Z6B', 'KODIM 0304/AGAM REM-032'),
(46, 1, '2Z6C', 'KODIM 0305/PASAMAN REM-032'),
(47, 1, '2Z6E', 'KODIM 0307/TANAH DATAR REM-032'),
(48, 1, '2Z6F', 'KODIM 0308/PARIAMAN REM-032'),
(49, 1, '2Z6G', 'KODIM 0309/SOLOK REM-032'),
(50, 67, '4Y0B', 'MAPUSPENERBAD'),
(51, 90, '4H4C', 'MAHMIL'),
(52, 1, '2Z6H', 'KODIM 0310/SAWAHLUNTO SIJUNJUNG REM-032'),
(53, 1, '2Z6J', 'KODIM 0311/PESISIR SELATAN REM-032'),
(54, 1, '2Z6K', 'KODIM 0312/KODYA PADANG REM-032'),
(55, 90, '4C0B', 'AKADEMI TNI'),
(56, 1, '2Z6L', 'KODIM 0319/MENTAWAI REM-032'),
(57, 1, '2Z7A', 'KOREM 033/WIRA PRATAMA'),
(58, 1, '2Z7B', 'KODIM 0315/BINTAN REM-033'),
(59, 1, '2Z7C', 'KODIM 0316/BATAM REM-033'),
(60, 1, '2Z7D', 'KODIM 0317/TANJUNG BALAI KARIMUN REM-033'),
(61, 1, '2Z7E', 'KODIM 0318/NATUNA REM-033'),
(62, 1, '3U0B', 'DENINTELDAM-I/BB'),
(63, 1, '4A0B', 'RINDAM-I/BB'),
(64, 1, '4E0B', 'ZIDAM-I/BB'),
(65, 1, '4F0B', 'POMDAM-I/BB'),
(66, 1, '4G0B', 'BEKANGDAM-I/BB'),
(67, 1, '4H0B', 'KUMDAM-I/BB'),
(68, 1, '4J0B', 'PUSKOPAD A DAM I/BB'),
(69, 1, '4J0D', 'PUSKOPAD B DAM I/BB-PADANG'),
(70, 1, '4K0B', 'KESDAM-I/BB'),
(71, 1, '4L0B', 'PENDAM-I/BB'),
(72, 1, '4M0B', 'PALDAM-I/BB'),
(73, 1, '4N0B', 'HUBDAM-I/BB'),
(74, 1, '4P0B', 'AJENDAM-I/BB'),
(75, 1, '4P0D', 'BABINMINVETCADDAM-I/BB'),
(76, 1, '4Q0B', 'KUDAM-I/BB'),
(77, 1, '4Q0C', 'PEKAS GABRAH 7 TK I/PADANG'),
(78, 1, '4R0B', 'TOPDAM-I/BB'),
(79, 1, '4S0B', 'BINTALDAM-I/BB'),
(80, 1, '4T0B', 'INFOLAHTADAM-I/BB'),
(81, 1, '4U0B', 'SANDIDAM-I/BB'),
(82, 1, '4W0B', 'JASDAM-I/BB'),
(83, 1, '4Z0A', 'DENMADAM-I/BB'),
(84, 1, '4Z0B', 'ITDAM-I/BB'),
(85, 2, '1A0B', 'YONIF 141/AYJP'),
(86, 2, '1A1B', 'YONIF 144/JAYA YUDHA'),
(87, 2, '1A2B', 'YONIF RAIDER 142/KSATRIA JAYA'),
(88, 2, '1A3B', 'YONIF 143/TRIWIRA EKA JAYA'),
(89, 2, '1A4B', 'YONIF RAIDER 200/BN'),
(90, 2, '1B0B', 'YONKAV 5/DWI PANGGA CETA'),
(91, 2, '1C0B', 'YON ARMED-15/105 TARIK'),
(92, 2, '1D0H', 'YON ARHANUD-12/SBP'),
(93, 2, '1E0B', 'YON ZIPUR-2/SG'),
(94, 2, '2Z0B', 'KODIM 0418/PALEMBANG REM-044'),
(95, 2, '2Z1A', 'KOREM-041/GARUDA EMAS'),
(96, 2, '2Z1B', 'KODIM 0407/KOTA BENGKULU REM-041'),
(97, 2, '2Z1C', 'KODIM 0408/BENGKULU SELATAN REM-041'),
(98, 2, '2Z1D', 'KODIM 0409/REJANG LEBONG REM-041'),
(99, 2, '2Z1E', 'KODIM 0423/BENGKULU UTARA REM-041'),
(100, 2, '2Z1F', 'KODIM 0425/SELUMA REM-041'),
(101, 2, '2Z2A', 'KOREM-042/GARUDA PUTIH'),
(102, 2, '2Z2B', 'KODIM 0415/JAMBI REM-042'),
(103, 2, '2Z2C', 'KODIM 0416/BUNGO TEBO REM-042'),
(104, 2, '2Z2D', 'KODIM 0417/KERINCI REM-042'),
(105, 2, '2Z2E', 'KODIM 0419/TANJUNG JABUNG REM-042'),
(106, 2, '2Z2F', 'KODIM 0420/SAROLANGUN BANGKO REM-042'),
(107, 2, '2Z3A', 'KOREM-043/GARUDA HITAM'),
(108, 2, '2Z3B', 'KODIM 0410/KODYA BANDAR LAMPUNG REM-043'),
(109, 2, '2Z3C', 'KODIM 0411/KOTA METRO REM-043'),
(110, 2, '2Z3D', 'KODIM 0412/LAMPUNG UTARA REM-043'),
(111, 2, '2Z3E', 'KODIM 0421/LAMPUNG SELATAN REM-043'),
(112, 2, '2Z3G', 'KODIM 0424/TANGGAMUS REM 043'),
(113, 2, '2Z3H', 'KODIM 0426/TULANG BAWANG REM 043'),
(114, 2, '2Z3J', 'KODIM 0427/WAYKANAN REM 043'),
(115, 2, '2Z4A', 'KOREM-044/GARUDA DEMPO'),
(116, 2, '2Z4B', 'KODIM 0401/MUSI BANYU ASIN REM-044'),
(117, 2, '2Z4C', 'KODIM 0402/OGAN KOMERING ILIR REM-044'),
(118, 19, '1F0B', 'DENPOM DIVIF-1 KOSTRAD'),
(119, 2, '2Z4D', 'KODIM 0403/OKU REM-044'),
(120, 2, '2Z4E', 'KODIM 0404/MUARA ENIM REM-044'),
(121, 2, '2Z4F', 'KODIM 0405/LAHAT REM-044'),
(122, 2, '2Z4G', 'KODIM 0406/LUBUK LINGGAU REM-044'),
(123, 2, '2Z5A', 'KOREM 045/GARUDA JAYA'),
(124, 2, '2Z5B', 'KODIM 0413/BANGKA REM 045'),
(125, 2, '2Z5C', 'KODIM 0414/BELITUNG REM-045'),
(126, 2, '3U0B', 'DENINTELDAM-II/SWJ'),
(127, 2, '4A0B', 'RINDAM-II/SWJ'),
(128, 2, '4E0B', 'ZIDAM-II/SWJ'),
(129, 2, '4F0B', 'POMDAM-II/SWJ'),
(130, 2, '4G0B', 'BEKANGDAM-II/SWJ'),
(131, 2, '4H0B', 'KUMDAM-II/SWJ'),
(132, 2, '4J0B', 'PUSKOPAD A DAM II/SWJ'),
(133, 2, '4K0B', 'KESDAM-II/SWJ'),
(134, 2, '4L0B', 'PENDAM-II/SWJ'),
(135, 2, '4M0B', 'PALDAM-II/SWJ'),
(136, 2, '4N0B', 'HUBDAM-II/SWJ'),
(137, 2, '4P0B', 'AJENDAM-II/SWJ'),
(138, 2, '4P0D', 'BABINMINVETCADDAM-II/SWJ'),
(139, 2, '4Q0B', 'KUDAM-II/SWJ'),
(140, 2, '4R0B', 'TOPDAM-II/SWJ'),
(141, 2, '4S0B', 'BINTALDAM-II/SWJ'),
(142, 2, '4T0B', 'INFOLAHTADAM-II/SWJ'),
(143, 2, '4U0B', 'SANDIDAM-II/SWJ'),
(144, 2, '4W0B', 'JASDAM-II/SWJ'),
(145, 2, '4Z0A', 'DENMADAM-II/SWJ'),
(146, 2, '4Z0B', 'ITDAM II/SWJ'),
(147, 3, '1A1A', 'BRIGIF-15/DAM III/SLW'),
(148, 3, '1A1B', 'YONIF 310/KIDANG KENCANA'),
(149, 3, '1A1C', 'YONIF 312/KALA HITAM'),
(150, 91, '4B0A', 'PUSREHAB KEMHAN RI'),
(151, 3, '1A1D', 'YONIF 300/RAIDER'),
(152, 3, '1A2B', 'YONIF RAIDER 301/PRABU KIANSANTANG'),
(153, 3, '1A3B', 'YONIF 315/GARUDA'),
(154, 3, '1A4B', 'YONIF 320/BADAK PUTIH'),
(155, 3, '1B0B', 'YON KAV-4/KIJANG CAKTI'),
(156, 3, '1B0C', 'KIKAV 4/TARANTULA HITAM CAKTI'),
(157, 3, '1C0B', 'YON ARMED-4/105 GS'),
(158, 3, '1C0C', 'YON ARMED 5/105 PANCAGIRI'),
(159, 3, '1D0B', 'YON ARHANUDSE-14'),
(160, 3, '1D0C', 'YON ARHANUDRI 3/YBY'),
(161, 3, '1E0B', 'YON ZIPUR 3/YUDHA WYOGRHA'),
(162, 3, '2Z0B', 'KODIM 0618/KOTA BANDUNG'),
(163, 3, '2Z1A', 'KOREM-061/SURYA KENCANA'),
(164, 3, '2Z1B', 'KODIM 0606/KOTA BOGOR REM-061'),
(165, 3, '2Z1C', 'KODIM 0621/KAB. BOGOR REM-061'),
(166, 3, '2Z1D', 'KODIM 0607/SUKABUMI REM-061'),
(167, 3, '2Z1E', 'KODIM 0608/CIANJUR REM-061'),
(168, 3, '2Z1F', 'KODIM 0622/KAB. SUKABUMI'),
(169, 3, '2Z2A', 'KOREM-062/TARUMA NAGARA'),
(170, 3, '2Z2B', 'KODIM 0609/CIMAHI REM-062'),
(171, 3, '2Z2C', 'KODIM 0610/SUMEDANG REM-062'),
(172, 3, '2Z2D', 'KODIM 0611/GARUT REM-062'),
(173, 3, '2Z2E', 'KODIM 0612/TASIKMALAYA REM-062'),
(174, 3, '2Z2F', 'KODIM 0613/CIAMIS REM-062'),
(175, 3, '2Z3A', 'KOREM-063/SUNAN GUNUNG JATI'),
(176, 3, '2Z3B', 'KODIM 0604/KARAWANG REM-063/SGJ'),
(177, 3, '2Z3C', 'KODIM 0605/SUBANG REM-063'),
(178, 3, '2Z3D', 'KODIM 0614/KOTA CIREBON REM-063'),
(179, 3, '2Z3E', 'KODIM 0620/KAB. CIREBON REM-063'),
(180, 3, '2Z3F', 'KODIM 0615/KUNINGAN REM-063'),
(181, 3, '2Z3G', 'KODIM 0616/INDRAMAYU REM-063'),
(182, 14, '1A0B', 'YONIF RAIDER 700/WYC'),
(183, 3, '2Z3H', 'KODIM 0617/MAJALENGKA REM-063'),
(184, 3, '2Z4A', 'KOREM-064/MAULANA YUSUF'),
(185, 3, '2Z4B', 'KODIM 0601/PANDEGLANG REM-064'),
(186, 3, '2Z4C', 'KODIM 0602/SERANG REM-064'),
(187, 3, '2Z4D', 'KODIM 0603/LEBAK REM-064'),
(188, 3, '2Z4E', 'KODIM 0623/CILEGON REM-064'),
(189, 3, '3U0B', 'DENINTELDAM-III/SLW'),
(190, 3, '4A0B', 'RINDAM-III/SLW'),
(191, 3, '4A0C', 'SECATA-A RINDAM-III/SLW'),
(192, 3, '4A0D', 'DODIKLATPUR RINDAM-III/SLW'),
(193, 3, '4A0E', 'SECABA RINDAM-III/SLW'),
(194, 3, '4A0F', 'DODIKJUR RINDAM-III/SLW'),
(195, 3, '4A0G', 'DODIK BELANEG RINDAM-III/SLW'),
(196, 3, '4E0B', 'ZIDAM-III/SLW'),
(197, 3, '4F0B', 'POMDAM-III/SLW'),
(198, 3, '4G0B', 'BEKANGDAM-III/SLW'),
(199, 3, '4H0B', 'KUMDAM-III/SLW'),
(200, 19, '1A0B', 'YON MANDALA YUDHA'),
(201, 3, '4K0B', 'KESDAM-III/SLW'),
(202, 3, '4K0F', 'RUMKIT DUSTIRA'),
(203, 3, '4L0B', 'PENDAM-III/SLW'),
(204, 3, '4M0B', 'PALDAM-III/SLW'),
(205, 3, '4N0B', 'HUBDAM-III/SLW'),
(206, 3, '4P0B', 'AJENDAM-III/SLW'),
(207, 3, '4P0D', 'BABINMINVETCADDAM-III/SLW'),
(208, 3, '4Q0B', 'KUDAM-III/SLW'),
(209, 3, '4R0B', 'TOPDAM-III/SLW'),
(210, 3, '4S0B', 'BINTALDAM-III/SLW'),
(211, 3, '4T0B', 'INFOLAHTADAM-III/SLW'),
(212, 3, '4U0B', 'SANDIDAM III/SLW'),
(213, 3, '4W0B', 'JASDAM-III/SLW'),
(214, 3, '4Z0A', 'DENMADAM-III/SLW'),
(215, 3, '4Z0B', 'ITDAM III/SLW'),
(216, 4, '1A0B', 'YONIF RAIDER 400/ BANTENG RAIDER'),
(217, 4, '1A1A', 'BRIGIF-4/DEWA RATNA'),
(218, 4, '1A1B', 'YONIF 405/SURYA KUSUMA'),
(219, 67, '1Y1G', 'SKADRON-13/SERBU'),
(220, 4, '1A1C', 'YONIF 406/CANDRA KUSUMA'),
(221, 4, '1A1D', 'YONIF 407/PADMA KUSUMA'),
(222, 4, '1A2B', 'YONIF MEKANIS 403/WIRASADA PRATISTA'),
(223, 4, '1A3B', 'YONIF 410/ALU GORO'),
(224, 4, '1A4B', 'YONIF RAIDER 408/SUHBRASTA'),
(225, 4, '1B0B', 'YON KAV-2/TURANGGA CETA'),
(226, 4, '1B0C', 'KIKAV 2/JAYENG RATA TOH RAGA'),
(227, 4, '1C0B', 'YON ARMED-3/105 TARIK'),
(228, 4, '1D0B', 'YONARHANUD 15/DBY'),
(229, 4, '1E0B', 'YON ZIPUR-4'),
(230, 4, '2Z0B', 'KODIM 0733/KOTA SEMARANG'),
(231, 4, '2Z1A', 'KOREM-071/WIJAYA KUSUMA'),
(232, 4, '2Z1B', 'KODIM 0701/BANYUMAS REM-071'),
(233, 4, '2Z1C', 'KODIM 0702/PURBALINGGA REM-071'),
(234, 4, '2Z1D', 'KODIM 0703/CILACAP REM-071'),
(235, 4, '2Z1E', 'KODIM 0710/PEKALONGAN REM-071'),
(236, 4, '2Z1F', 'KODIM 0711/PEMALANG REM-071'),
(237, 4, '2Z1G', 'KODIM 0712/TEGAL REM-071'),
(238, 4, '2Z1H', 'KODIM 0713/BREBES REM-071'),
(239, 4, '2Z1J', 'KODIM 0704/BANJARNEGARA REM-071'),
(240, 4, '2Z1K', 'KODIM 0736/BATANG REM-071'),
(241, 4, '2Z2A', 'KOREM-072/PAMUNGKAS'),
(242, 4, '2Z2B', 'KODIM 0705/MAGELANG REM-072'),
(243, 4, '2Z2C', 'KODIM 0706/TEMANGGUNG REM-072'),
(244, 4, '2Z2D', 'KODIM 0707/WONOSOBO REM-072'),
(245, 4, '2Z2E', 'KODIM 0708/PURWOREJO REM-072'),
(246, 4, '2Z2F', 'KODIM 0709/KEBUMEN REM-072'),
(247, 4, '2Z2G', 'KODIM 0729/BANTUL REM-072'),
(248, 4, '2Z2H', 'KODIM 0730/GUNUNG KIDUL REM-072'),
(249, 4, '2Z2J', 'KODIM 0731/KULON PROGO REM-072'),
(250, 4, '2Z2K', 'KODIM 0732/SLEMAN REM-072'),
(251, 4, '2Z2L', 'KODIM 0734/YOGYAKARTA REM-072'),
(252, 4, '2Z3A', 'KOREM-073/MAKUTA RAMA'),
(253, 4, '2Z3C', 'KODIM 0715/KENDAL REM-073'),
(254, 4, '2Z3D', 'KODIM 0716/DEMAK REM-073'),
(255, 4, '2Z3E', 'KODIM 0717/PURWODADI REM-073'),
(256, 4, '2Z3F', 'KODIM 0718/PATI REM-073'),
(257, 4, '2Z3G', 'KODIM 0719/JEPARA REM-073'),
(258, 4, '2Z3H', 'KODIM 0720/REMBANG REM-073'),
(259, 4, '2Z3J', 'KODIM 0721/BLORA REM-073'),
(260, 4, '2Z3K', 'KODIM 0722/KUDUS REM-073'),
(261, 90, '4H5C', 'OTJEN TNI'),
(262, 4, '2Z4A', 'KOREM 074/WARASTRATAMA'),
(263, 4, '2Z4B', 'KODIM 0723/KLATEN REM-074'),
(264, 4, '2Z4C', 'KODIM 0724/BOYOLALI REM-074'),
(265, 4, '2Z4D', 'KODIM 0725/SRAGEN REM074'),
(266, 4, '2Z4E', 'KODIM 0726/SUKOHARJO REM-074'),
(267, 4, '2Z4F', 'KODIM 0727/KARANGANYAR REM-074'),
(268, 4, '2Z4G', 'KODIM 0728/WONOGIRI REM-074'),
(269, 4, '2Z4H', 'KODIM 0735/KODYA SURAKARTA REM-074'),
(270, 4, '3U0B', 'DENINTELDAM-IV/DIP'),
(271, 4, '4A0B', 'RINDAM-IV/DIP'),
(272, 4, '4E0B', 'ZIDAM-IV/DIP'),
(273, 4, '4F0B', 'POMDAM-IV/DIP'),
(274, 4, '4G0B', 'BEKANGDAM-IV/DIP'),
(275, 4, '4H0B', 'KUMDAM-IV/DIP'),
(276, 4, '4J0B', 'PUSKOPAD A DAM IV/DIP'),
(277, 4, '4K0B', 'KESDAM-IV/DIP'),
(278, 4, '4L0B', 'PENDAM-IV/DIP'),
(279, 4, '4M0B', 'PALDAM-IV/DIP'),
(280, 4, '4N0B', 'HUBDAM-IV/DIP'),
(281, 4, '4P0B', 'AJENDAM-IV/DIP'),
(282, 4, '4P0D', 'BABINMINVETCADDAM-IV/DIP'),
(283, 4, '4Q0B', 'KUDAM-IV/DIP'),
(284, 4, '4R0B', 'TOPDAM-IV/DIP'),
(285, 4, '4S0B', 'BINTALDAM-IV/DIP'),
(286, 4, '4T0B', 'INFOLAHTADAM-IV/DIP'),
(287, 4, '4U0B', 'SANDIDAM-IV/DIP'),
(288, 4, '4W0B', 'JASDAM-IV/DIP'),
(289, 4, '4Z0A', 'DENMADAM-IV/DIP'),
(290, 4, '4Z0B', 'ITDAM-IV/DIP'),
(291, 5, '1A1A', 'BRIGIF MEKANIS 16/WIRAYUDHA'),
(292, 5, '1A1B', 'YONIF 511/DIBYATARA YUDHA'),
(293, 5, '1A2B', 'YONIF MEKANIS 521/DADAHA YUDHA'),
(294, 5, '1A3B', 'YONIF MEKANIS 512/QURATARA YUDHA'),
(295, 5, '1A3C', 'YONIF 527/BALADIBYA YUDHA'),
(296, 5, '1A4B', 'YONIF MEKANIS 516/CARAKA YODHA'),
(297, 5, '1A4C', 'YONIF RAIDER 500/SIKATAN'),
(298, 5, '1B0B', 'YON KAV-3/ANDHAKA CAKTI'),
(299, 5, '1B0C', 'KIKAV 3/TUPAI SETIA CAKTI'),
(300, 19, '1C0B', 'YON ARMED 1/ROKET/AY/2/2 KOSTRAD'),
(301, 5, '1D0C', 'YONARHANUD 8/MBC'),
(302, 5, '1E0B', 'YON ZIPUR-5'),
(303, 5, '2Z1A', 'KOREM-081/DHIROT SAHJAYA'),
(304, 5, '2Z1B', 'KODIM 0801/PACITAN REM-081'),
(305, 5, '2Z1C', 'KODIM 0802/PONOROGO REM-081'),
(306, 5, '2Z1D', 'KODIM 0803/MADIUN REM-081'),
(307, 5, '2Z1E', 'KODIM 0804/MAGETAN REM-081'),
(308, 5, '2Z1F', 'KODIM 0805/NGAWI REM-081'),
(309, 5, '2Z1G', 'KODIM 0806/TRENGGALEK REM-081'),
(310, 5, '2Z1H', 'KODIM 0807/TULUNGAGUNG REM-081'),
(311, 5, '2Z1J', 'KODIM 0808/BLITAR REM-081'),
(312, 5, '2Z1L', 'KODIM 0810/NGANJUK REM-081'),
(313, 5, '2Z2A', 'KOREM-082/CITRA PANCA YUDHA'),
(314, 5, '2Z2B', 'KODIM 0811/TUBAN REM-082'),
(315, 5, '2Z2D', 'KODIM 0813/BOJONEGORO REM-082'),
(316, 5, '2Z2E', 'KODIM 0814/JOMBANG REM-082'),
(317, 5, '2Z2F', 'KODIM 0815/MOJOKERTO REM-082'),
(318, 5, '2Z2G', 'KODIM 0809/KEDIRI REM-082'),
(319, 5, '2Z3A', 'KOREM-083/BALADHIKA JAYA'),
(320, 5, '2Z3B', 'KODIM 0818/KAB. MALANG REM-083'),
(321, 5, '2Z3C', 'KODIM 0820/PROBOLINGGO REM-083'),
(322, 5, '2Z3D', 'KODIM 0821/LUMAJANG REM-083'),
(323, 5, '2Z3F', 'KODIM 0823/SITUBONDO REM-083'),
(324, 5, '2Z3G', 'KODIM 0824/JEMBER REM-083'),
(325, 5, '2Z3H', 'KODIM 0825/BANYUWANGI REM-083'),
(326, 5, '2Z3J', 'KODIM 0819/PASURUAN REM-083'),
(327, 5, '2Z3N', 'KODIM 0833/KODYA MALANG REM-083'),
(328, 5, '2Z4A', 'KOREM-084/BHASKARA JAYA'),
(329, 5, '2Z4B', 'KODIM 0816/SIDOARJO REM-084'),
(330, 5, '2Z4C', 'KODIM 0817/GRESIK REM-084'),
(331, 5, '2Z4D', 'KODIM 0830/SURABAYA UTARA REM-084'),
(332, 5, '2Z4E', 'KODIM 0831/SURABAYA TIMUR REM-084'),
(333, 5, '2Z4F', 'KODIM 0832/SURABAYA SELATAN REM-084'),
(334, 5, '2Z4G', 'KODIM 0826/PAMEKASAN REM-084'),
(335, 5, '2Z4H', 'KODIM 0827/SUMENEP REM-084'),
(336, 13, '4Z0B', 'ITDAM-XIII/MDK'),
(337, 5, '2Z4J', 'KODIM 0828/SAMPANG REM-084'),
(338, 5, '2Z4K', 'KODIM 0829/BANGKALAN REM-084'),
(339, 5, '3U0B', 'DENINTELDAM-V/BRW'),
(340, 5, '4A0B', 'RINDAM-V/BRW'),
(341, 5, '4A0C', 'SECATA-A RINDAM-V/BRW'),
(342, 5, '4A0D', 'SECABA RINDAM-V/BRW'),
(343, 5, '4A0E', 'DODIKLATPUR RINDAM-V/BRW'),
(344, 5, '4A0F', 'DODIKJUR RINDAM-V/BRW'),
(345, 5, '4A0G', 'DODIK BELANEG RINDAM-V/BRW'),
(346, 5, '4E0B', 'ZIDAM-V/BRW'),
(347, 5, '4F0B', 'POMDAM-V/BRW'),
(348, 5, '4G0B', 'BEKANGDAM-V/BRW'),
(349, 5, '4H0B', 'KUMDAM-V/BRW'),
(350, 90, '4H6C', 'OTMILTI'),
(351, 5, '4J0B', 'PUSKOPAD \"A\" DAM V/BRW'),
(352, 5, '4K0B', 'KESDAM-V/BRW'),
(353, 5, '4L0B', 'PENDAM-V/BRW'),
(354, 5, '4M0B', 'PALDAM-V/BRW'),
(355, 5, '4N0B', 'HUBDAM-V/BRW'),
(356, 5, '4P0B', 'AJENDAM-V/BRW'),
(357, 5, '4P0D', 'BABINMINVETCADDAM V/BRW'),
(358, 5, '4Q0B', 'KUDAM-V/BRW'),
(359, 5, '4R0B', 'TOPDAM-V/BRW'),
(360, 5, '4S0B', 'BINTALDAM-V/BRW'),
(361, 5, '4T0B', 'INFOLAHTADAM-V/BRW'),
(362, 5, '4U0B', 'SANDIDAM-V/BRW'),
(363, 5, '4W0B', 'JASDAM-V/BRW'),
(364, 5, '4Z0A', 'DENMADAM-V/BRW'),
(365, 5, '4Z0B', 'ITDAM-V/BRW'),
(366, 6, '1A0B', 'YONIF 614 /RAJA PANDHITA'),
(367, 6, '1A1C', 'YONIF RAIDER 600/MODANG'),
(368, 6, '1A1E', 'YONIF 611/AWANG LONG'),
(369, 6, '1A1F', 'YONIF RAIDER 613/RAJA ALAM'),
(370, 6, '1A2A', 'BRIGIF-24/BULUNGAN CAKTI'),
(371, 6, '1A2B', 'YONIF 621/MANUNTUNG'),
(372, 6, '1A2C', 'YONIF 623/BHAKTI WIRA UTAMA'),
(373, 6, '1B0B', 'DENKAV-1 DAM VI/MLW'),
(374, 6, '1B0C', 'YONKAV-13/SATYA LEMBUSWANA'),
(375, 6, '1C0C', 'YON ARMED 18/KOMPOSIT'),
(376, 6, '1D0E', 'DEN ARHANUD 002/ABC'),
(377, 6, '1E0C', 'DEN ZIPUR-8'),
(378, 6, '1E0D', 'YON ZIPUR-17/AD'),
(379, 6, '2Z1A', 'KOREM-091/AJISURYANATAKUSUMA'),
(380, 6, '2Z1B', 'KODIM 0901/SAMARINDA REM-091'),
(381, 90, '4H7C', 'OTMIL'),
(382, 6, '2Z1C', 'KODIM 0902/BERAU REM-091'),
(383, 6, '2Z1D', 'KODIM 0903/TANJUNG SELOR REM 092/MAHARAJALILA REM-091'),
(384, 6, '2Z1E', 'KODIM 0904/PASER REM-091'),
(385, 6, '2Z1F', 'KODIM 0905/BPP'),
(386, 6, '2Z1G', 'KODIM 0906/KUTAI KARTANEGARA REM-091'),
(387, 6, '2Z1H', 'KODIM 0907/TARAKAN REM-091'),
(388, 6, '2Z1J', 'KODIM 0908/BONTANG REM-091'),
(389, 6, '2Z1K', 'KODIM 0909/KUTAI TIMUR REM-091'),
(390, 6, '2Z1L', 'KODIM 0910/MALINAU REM-091'),
(391, 6, '2Z1M', 'KODIM 0911/NUNUKAN REM-091'),
(392, 6, '2Z1N', 'KODIM 0912/KUTAI BARAT'),
(393, 6, '2Z2A', 'KOREM-101/ANTASARI'),
(394, 6, '2Z2B', 'KODIM 1001/HULU SUNGAI REM-101'),
(395, 6, '2Z2C', 'KODIM 1002/HULU SUNGAI TENGAH REM-101'),
(396, 6, '2Z2D', 'KODIM 1003/HULU SUNGAI SELATAN REM-101'),
(397, 6, '2Z2E', 'KODIM 1004/KOTABARU REM-101'),
(398, 6, '2Z2F', 'KODIM 1005/BARITO KUALA REM-101/ANT'),
(399, 6, '2Z2G', 'KODIM 1006/BANJAR REM-101'),
(400, 6, '2Z2H', 'KODIM 1007/BANJARMASIN REM-101'),
(401, 6, '2Z2K', 'KODIM 1009/TANAH LAUT REM-101'),
(402, 6, '2Z2L', 'KODIM 1010/TAPIN REM-101'),
(403, 6, '2Z2M', 'KODIM 1022/KAB. TANAH BUMBU'),
(404, 6, '3U0B', 'DENINTELDAM-VI/MLW'),
(405, 6, '4A0B', 'RINDAM-VI/MLW'),
(406, 6, '4A0C', 'SECATA-B RINDAM-VI/MLW-SKW'),
(407, 6, '4A0D', 'DODIKJUR RINDAM-VI/MLW-BPP'),
(408, 6, '4E0B', 'ZIDAM-VI/MLW'),
(409, 6, '4F0B', 'POMDAM-VI/MLW'),
(410, 6, '4G0B', 'BEKANGDAM-VI/MLW'),
(411, 6, '4H0B', 'KUMDAM-VI/MLW'),
(412, 6, '4J0B', 'PUSKOPAD A DAM VI/MLW-BPP'),
(413, 6, '4J0C', 'PUSKOPAD B DAM VI/MLW-PTK'),
(414, 6, '4J0D', 'PUSKOPAD B DAM VI/MLW-BJM'),
(415, 6, '4K0B', 'KESDAM-VI/MLW'),
(416, 6, '4L0B', 'PENDAM-VI/MLW'),
(417, 6, '4M0B', 'PALDAM-VI/MLW'),
(418, 6, '4N0B', 'HUBDAM-VI/MLW'),
(419, 6, '4P0B', 'AJENDAM-VI/MLW'),
(420, 6, '4P0D', 'BABINMINVETCADDAM-VI/MLW'),
(421, 6, '4Q0B', 'KUDAM-VI/MLW'),
(422, 6, '4R0B', 'TOPDAM-VI/MLW'),
(423, 6, '4S0B', 'BINTALDAM-VI/MLW'),
(424, 6, '4T0B', 'INFOLAHTADAM-VI/MLW'),
(425, 6, '4U0B', 'SANDIDAM-VI/MLW'),
(426, 6, '4W0B', 'JASDAM-VI/MLW'),
(427, 6, '4Z0A', 'DENMADAM-VI/MLW'),
(428, 6, '4Z0B', 'ITDAM-VI/MLW'),
(429, 13, '1A2C', 'YONIF 714/SINTUWU MAROSO'),
(430, 14, '1A3B', 'YONIF 726/TAMALATEA'),
(431, 14, '1A5B', 'YONIF 725/WOROAGI'),
(432, 14, '1B0B', 'YON KAV-10/MENDAGIRI'),
(433, 14, '1B0C', 'KIKAV 10/MANGUNI SETIA CAKTI'),
(434, 14, '1D0D', 'RAI ARHANUDRI 141/BS'),
(435, 14, '1D0H', 'YON ARHANUDSE 16/SBC'),
(436, 14, '1E0B', 'YON ZIPUR 8/SMG'),
(437, 14, '2Z0B', 'KODIM-1408/MAKASSAR'),
(438, 14, '2Z3A', 'KOREM-141/TODDOPULI'),
(439, 14, '2Z3B', 'KODIM 1406/WAJO REM-141'),
(440, 14, '2Z3C', 'KODIM 1407/BONE REM-141'),
(441, 14, '2Z3D', 'KODIM 1409/GOWA REM-141'),
(442, 14, '2Z3E', 'KODIM 1410/BANTAENG REM-141'),
(443, 14, '2Z3F', 'KODIM 1411/BULUKUMBA REM-141'),
(444, 14, '2Z3G', 'KODIM 1415/SELAYAR REM-141'),
(445, 14, '2Z3H', 'KODIM 1422/MAROS REM-141'),
(446, 14, '2Z3J', 'KODIM 1423/SOPPENG REM-141'),
(447, 14, '2Z3K', 'KODIM 1424/SINJAI REM-141'),
(448, 14, '2Z3L', 'KODIM 1425/JENEPONTO REM-141'),
(449, 14, '2Z4A', 'KOREM-142/TAROADA TAROGAU'),
(450, 14, '2Z4B', 'KODIM 1401/MAJENE REM-142'),
(451, 14, '2Z4C', 'KODIM 1402/POLMAN REM-142'),
(452, 14, '2Z4D', 'KODIM 1403/SAWERIGADING REM-142'),
(453, 14, '2Z4E', 'KODIM 1404/PINRANG REM-141'),
(454, 14, '2Z4F', 'KODIM 1405/MALLUSETASI REM-141'),
(455, 14, '2Z4G', 'KODIM 1414/TATOR REM-142'),
(456, 14, '2Z4H', 'KODIM 1418/MAMUJU REM-142'),
(457, 14, '2Z4J', 'KODIM 1419/ENREKANG REM-142'),
(458, 14, '2Z4K', 'KODIM 1420/SIDRAP REM-141'),
(459, 14, '2Z4L', 'KODIM 1421/PANGKEP REM-141'),
(460, 14, '1A4B', 'YONIF 721/MAKKASAU'),
(461, 14, '2Z5B', 'KODIM 1412/KOLAKA REM-143'),
(462, 14, '2Z5C', 'KODIM 1413/BUTON REM-143'),
(463, 14, '2Z5D', 'KODIM 1416/MUNA REM-143'),
(464, 14, '2Z5E', 'KODIM 1417/KENDARI REM-143'),
(465, 14, '3U0B', 'DENINTELDAM-XIV/HSN'),
(466, 14, '4A0B', 'RINDAM-XIV/HSN'),
(467, 14, '4E0B', 'ZIDAM-XIV/HSN'),
(468, 14, '4F0B', 'POMDAM-XIV/HSN'),
(469, 14, '4G0B', 'BEKANGDAM-XIV/HSN'),
(470, 14, '4H0B', 'KUMDAM-XIV/HSN'),
(471, 14, '4K0B', 'KESDAM-XIV/HSN'),
(472, 14, '4L0B', 'PENDAM-XIV/HSN'),
(473, 14, '4M0B', 'PALDAM-XIV/HSN'),
(474, 14, '4N0B', 'HUBDAM-XIV/HSN'),
(475, 14, '4P0B', 'AJENDAM-XIV/HSN'),
(476, 14, '4P0D', 'BABINMINVETCADDAM-XIV/HSN'),
(477, 14, '4Q0B', 'KUDAM-XIV/HSN'),
(478, 14, '4R0B', 'TOPDAM-XIV/HSN'),
(479, 14, '4S0B', 'BINTALDAM-XIV/HSN'),
(480, 14, '4T0B', 'INFOLAHTADAM-XIV/HSN'),
(481, 14, '4U0B', 'SANDIDAM XIV/HSN'),
(482, 14, '4W0B', 'JASDAM-XIV/HSN'),
(483, 14, '4Z0A', 'DENMADAM-XIV/HSN'),
(484, 14, '4Z0B', 'ITDAM XIV/HSN'),
(485, 17, '1A1A', 'BRIGIF-20/IMA JAYA KERAMO'),
(486, 17, '1A1C', 'YONIF 754/EMENEME KANGASI'),
(487, 17, '1A1D', 'YONIF 756/WIMANE SILI'),
(488, 17, '1A2C', 'YONIF RAIDER KHUSUS 751/VIRA JAYA SAKTI'),
(489, 17, '1A3B', 'YONIF RAIDER KHUSUS 753/ARGA VIRA TAMA'),
(490, 17, '1A4B', 'YONIF 755/YALET'),
(491, 14, '2Z5A', 'KOREM-143/HALUOLEO'),
(492, 17, '1B0B', 'DEN KAV-3'),
(493, 17, '1E0C', 'DENZIPUR 10 DAM-XVII/CEN'),
(494, 17, '1E0D', 'DEN ZIPUR 11'),
(495, 17, '1E0E', 'DENZIPUR 12'),
(496, 17, '2Z1E', 'KODIM 1710/MIMIKA REM-174'),
(497, 17, '2Z2A', 'KOREM-172/PRAJA WIRA YAKTI'),
(498, 17, '2Z2B', 'KODIM 1701/JAYAPURA REM-172'),
(499, 17, '2Z2C', 'KODIM 1702/JAYAWIJAYA REM-172'),
(500, 17, '2Z2F', 'KODIM 1712/SARMI REM-172'),
(501, 17, '2Z3A', 'KOREM-173/PRAJA WIRA BRAJA'),
(502, 17, '2Z3B', 'KODIM 1705/NABIRE REM 173'),
(503, 17, '2Z3C', 'KODIM 1708/BINUM REM-173'),
(504, 17, '2Z3D', 'KODIM 1709/YAPEN WAROPEN REM-173'),
(505, 17, '2Z4A', 'KOREM-174/ANIM TI WANINGGAP'),
(506, 17, '2Z4B', 'KODIM 1707/MERAUKE REM-174'),
(507, 17, '2Z4C', 'KODIM 1711/BOUVEN DIGUL REM-174'),
(508, 9, '1A1A', 'BRIGIF 21/KOMODO'),
(509, 9, '1A1B', 'YONIF RAIDER KHUSUS 744/SYB'),
(510, 9, '1A2B', 'YONIF 742/SATYA WIRA YUDHA'),
(511, 9, '1A3B', 'YONIF RAIDER 900/SBW'),
(512, 9, '1A4B', 'YONIF 743/PRADNYA SAMAPTA Y'),
(513, 9, '1A5B', 'YONIF 746/NYB'),
(514, 9, '1B0D', 'DENKAV 4/SP'),
(515, 9, '1E0B', 'YONZIPUR 18'),
(516, 9, '2Z1A', 'KOREM-161/WIRA SAKTI'),
(517, 9, '2Z1B', 'KODIM 1601/SUMBA TIMUR REM-161'),
(518, 9, '2Z1D', 'KODIM 1603/SIKKA REM-161'),
(519, 9, '2Z1E', 'KODIM 1604/KUPANG REM-161'),
(520, 9, '2Z1F', 'KODIM 1605/BELU REM-161'),
(521, 9, '2Z1G', 'KODIM 1624/FLORES TIMUR REM-161'),
(522, 9, '2Z1H', 'KODIM 1625/NGADA REM-161'),
(523, 9, '2Z1J', 'KODIM 1612/MANGGARAI REM-161'),
(524, 9, '2Z1K', 'KODIM 1613/SUMBA BARAT REM-161'),
(525, 9, '2Z1L', 'KODIM 1618/TIMOR TIMUR UTARA REM-161'),
(526, 9, '2Z1M', 'KODIM 1621/TIMOR TIMUR SELATAN REM-161'),
(527, 9, '2Z1N', 'KODIM 1622/ALOR REM-161'),
(528, 9, '2Z2A', 'KOREM-162/WIRA BHAKTI'),
(529, 9, '2Z2B', 'KODIM 1606/MATARAM REM-162'),
(530, 67, '4Y0U', 'PUSDIKPENERBAD'),
(531, 9, '2Z2C', 'KODIM 1607/SUMBAWA REM-162'),
(532, 90, '4K0A', 'PUSKES TNI'),
(533, 9, '2Z2D', 'KODIM 1608/BIMA REM-162'),
(534, 9, '2Z2E', 'KODIM 1614/DOMPU REM-162'),
(535, 9, '2Z2F', 'KODIM 1615/LOMBOK TIMUR REM-162'),
(536, 9, '2Z2G', 'KODIM 1620/LOMBOK TENGAH REM-162'),
(537, 9, '2Z3A', 'KOREM-163/WIRA SATYA'),
(538, 9, '2Z3B', 'KODIM 1609/BULELENG REM-163'),
(539, 9, '2Z3C', 'KODIM 1610/KLUNGKUNG REM-163'),
(540, 9, '2Z3D', 'KODIM 1611/BADUNG REM-163'),
(541, 9, '2Z3E', 'KODIM 1616/GIANYAR REM-163'),
(542, 9, '2Z3F', 'KODIM 1617/JEMBRANA REM-163'),
(543, 9, '2Z3G', 'KODIM 1619/TABANAN REM-163'),
(544, 9, '2Z3H', 'KODIM 1623/KARANG ASEM REM-163'),
(545, 9, '2Z3J', 'KODIM 1626/BANGLI REM-163'),
(546, 6, '2Z1O', 'KODIM 0913/PPU REM-091'),
(547, 9, '2Z4A', 'PEKAS GABRAH 93'),
(548, 9, '3U0B', 'DENINTELDAM-IX/UDY'),
(549, 9, '4A0B', 'RINDAM-IX/UDY'),
(550, 9, '4A0C', 'SECATA-A RINDAM-IX/UDY'),
(551, 9, '4E0B', 'ZIDAM-IX/UDY'),
(552, 9, '4F0B', 'POMDAM-IX/UDY'),
(553, 9, '4G0B', 'BEKANGDAM-IX/UDY'),
(554, 9, '4H0B', 'KUMDAM-IX/UDY'),
(555, 9, '4K0B', 'KESDAM-IX/UDY'),
(556, 9, '4L0B', 'PENDAM-IX/UDY'),
(557, 19, '1F5B', 'DENPOM DIVIF-2 KOSTRAD'),
(558, 9, '4M0B', 'PALDAM-IX/UDY'),
(559, 9, '4N0B', 'HUBDAM-IX/UDY'),
(560, 9, '4P0B', 'AJENDAM-IX/UDY'),
(561, 9, '4P0D', 'BABINMINVETCADDAM-IX/UDY'),
(562, 9, '4Q0B', 'KUDAM-IX/UDY'),
(563, 9, '4R0B', 'TOPDAM-IX/UDY'),
(564, 9, '4S0B', 'BINTALDAM-IX/UDY'),
(565, 9, '4T0B', 'INFOLAHTADAM-IX/UDY'),
(566, 9, '4U0B', 'SANDIDAM-IX/UDY'),
(567, 9, '4W0B', 'JASDAM-IX/UDY'),
(568, 9, '4Z0A', 'DENMADAM-IX/UDY'),
(569, 9, '4Z0B', 'ITDAM IX/UDY'),
(570, 10, '1A1B', 'YONIF 111/KARMA BHAKTI'),
(571, 10, '1A1C', 'YONIF 113/JAYA SAKTI'),
(572, 10, '1A1D', 'YONIF 114/SATRIA MUSARA'),
(573, 10, '1A2B', 'YONIF 112/RAIDER'),
(574, 10, '1A2C', 'YONIF RAIDER KHUSUS 115/ML'),
(575, 10, '1A2D', 'YONIF 116/GARDA SAMUDERA'),
(576, 10, '1B0B', 'YON KAV 11/MSC'),
(577, 10, '1C0B', 'YON ARMED 17/105 TARIK'),
(578, 10, '1D0E', 'DENARHANUD-001'),
(579, 10, '1E0C', 'YONZIPUR 16/DA'),
(580, 10, '2Z1A', 'KOREM-011/LILAWANGSA'),
(581, 10, '2Z1B', 'KODIM 0102/PIDIE REM-011'),
(582, 10, '2Z1C', 'KODIM 0103/AUT REM-011'),
(583, 10, '2Z1D', 'KODIM 0104/ATIM REM-011'),
(584, 10, '2Z1E', 'KODIM 0106/ATENG REM-011'),
(585, 10, '2Z1F', 'KODIM 0108/AGARA REM-011'),
(586, 10, '2Z1G', 'KODIM 0111/BIREUEN REM-011'),
(587, 10, '2Z1H', 'KODIM 0113/GALUS REM-011'),
(588, 10, '2Z2A', 'KOREM-012/TEUKU UMAR'),
(589, 10, '2Z2B', 'KODIM 0101/BS LAMA DAM IM'),
(590, 10, '2Z2D', 'KODIM 0107/ASEL REM-012'),
(591, 10, '2Z2E', 'KODIM 0109/ACEH SINGKIL REM-012'),
(592, 10, '2Z2F', 'KODIM 0110/ABDYA REM-012'),
(593, 10, '2Z2G', 'KODIM 0112/SABANG REM-012'),
(594, 10, '2Z2H', 'KODIM 0114/AJAYA REM-012'),
(595, 10, '2Z2J', 'KODIM 0115/SIMEULUE REM-012'),
(596, 10, '2Z2L', 'KODIM 0116/NAGAN RAYA REM-012'),
(597, 10, '3U0B', 'DENINTELDAM IM'),
(598, 10, '4A0B', 'RINDAM IM'),
(599, 10, '4A0C', 'SECATA RINDAM IM'),
(600, 10, '4E0B', 'ZIDAM IM'),
(601, 10, '4F0B', 'POMDAM IM'),
(602, 10, '4G0B', 'BEKANGDAM IM'),
(603, 10, '4H0B', 'KUMDAM IM'),
(604, 10, '4J0C', 'PUSKOPAD B IM'),
(605, 10, '4K0B', 'KESDAM IM'),
(606, 10, '4L0B', 'PENDAM IM'),
(607, 10, '4M0B', 'PALDAM IM'),
(608, 10, '4N0B', 'HUBDAM IM'),
(609, 10, '4NOB', 'HUBYAH A'),
(610, 10, '4P0B', 'AJENDAM IM'),
(611, 10, '4P0D', 'BABINMINVETCADDAM IM'),
(612, 10, '4Q0B', 'KUDAM IM'),
(613, 10, '4Q0C', 'PEKAS GABRAH 96/IM'),
(614, 10, '4Q0D', 'PEKAS GABRAH 110 BANDA ACEH'),
(615, 10, '4R0B', 'TOPDAM IM'),
(616, 10, '4S0B', 'BINTALDAM IM'),
(617, 10, '4T0B', 'INFOLAHTADAM IM'),
(618, 10, '4U0B', 'SANDIDAM IM'),
(619, 10, '4W0B', 'JASDAM IM'),
(620, 10, '4Z0A', 'DENMADAM IM'),
(621, 10, '4Z0B', 'ITDAM IM'),
(622, 12, '1A1A', 'BRIGIF 19/KHATULISTIWA'),
(623, 12, '1A1B', 'YONIF RAIDER 641/BERUANG'),
(624, 17, '2Z3E', 'KODIM 1714/PUNCAK JAYA REM-173'),
(625, 13, '4U0B', 'SANDIDAM-XIII/MDK'),
(626, 12, '1A1C', 'YONIF 642/KAPUAS'),
(627, 12, '1A1D', 'YONIF RK 644/WLS'),
(628, 12, '1A2B', 'YONIF MEKANIS 643/WANARA SAKTI'),
(629, 12, '1A2C', 'YONIF RAIDER 631/ANTANG'),
(630, 12, '1B0C', 'YONKAV 12/BERUANG CAKTI'),
(631, 12, '1C0B', 'YON ARMED 16/KOMPOSIT DAM XII/TPR'),
(632, 12, '1E0B', 'YON ZIPUR-6'),
(633, 2, '2Z1G', 'KODIM 0428/MUKO-MUKO REM-041'),
(634, 12, '2Z1A', 'KOREM-102/PANJU PANJUNG'),
(635, 12, '2Z1B', 'KODIM 1011/KUALA KAPUAS REM-102'),
(636, 12, '2Z1C', 'KODIM 1012/BUNTOK REM-102'),
(637, 12, '2Z1D', 'KODIM 1013/MUARA TEWEH REM-102'),
(638, 12, '2Z1E', 'KODIM1014/PANGKALAN BUN REM-102'),
(639, 12, '2Z1F', 'KODIM 1015/SAMPIT REM-102'),
(640, 12, '2Z1G', 'KODIM 1016/PALANGKA RAYA REM-102'),
(641, 12, '2Z2A', 'KOREM-121/ALABHANA WANAWAI'),
(642, 12, '2Z2B', 'KODIM 1201/MEMPAWAH REM-121'),
(643, 12, '2Z2C', 'KODIM 1202/SINGKAWANG REM-121'),
(644, 12, '2Z2D', 'KODIM 1203/KETAPANG REM-121'),
(645, 12, '2Z2E', 'KODIM 1204/SANGGAU REM-121'),
(646, 12, '2Z2F', 'KODIM 1205/SINTANG REM-121'),
(647, 12, '2Z2G', 'KODIM 1206/PUTUSSIBAU REM-121'),
(648, 12, '3U0B', 'DENINTELDAM-XII/TPR'),
(649, 12, '4A0B', 'RINDAM-XII/TPR'),
(650, 12, '4E0B', 'ZIDAM-XII/TPR'),
(651, 12, '4F0B', 'POMDAM-XII/TPR'),
(652, 12, '4G0B', 'BEKANGDAM-XII/TPR'),
(653, 12, '4H0B', 'KUMDAM-XII/TPR'),
(654, 12, '4K0B', 'KESDAM-XII/TPR'),
(655, 12, '4L0B', 'PENDAM-XII/TPR'),
(656, 12, '4M0B', 'PALDAM XII/TPR'),
(657, 12, '4N0B', 'HUBDAM-XII/TPR'),
(658, 12, '4P0B', 'AJENDAM-XII/TPR'),
(659, 12, '4P0D', 'BABINMINVETCADDAM-XII/TPR'),
(660, 12, '4Q0B', 'KUDAM-XII/TPR'),
(661, 12, '4R0B', 'TOPDAM XII/TPR'),
(662, 12, '4S0B', 'BINTALDAM-XII/TPR'),
(663, 12, '4T0B', 'INFOLAHTADAM-XII/TPR'),
(664, 12, '4U0B', 'SANDIDAM-XII/TPR'),
(665, 12, '4W0B', 'JASDAM-XII/TPR'),
(666, 12, '4Z0A', 'DENMADAM-XII/TPR'),
(667, 12, '4Z0B', 'ITDAM-XII/TPR'),
(668, 15, '1A1A', 'BRIGIF MEKANIS 1 PAM IBUKOTA/JAYA SAKTI'),
(669, 15, '1A1B', 'YONIF MEKANIS 203/ARYA KAMUNING'),
(670, 15, '1A1C', 'YONIF MEKANIS 202/TAJI MALELA'),
(671, 15, '1A1D', 'YONIF MEKANIS 201/JAYA YUDHA'),
(672, 15, '1B0B', 'YONKAV 7/PRAGOSA SATYA'),
(673, 15, '1B0C', 'YONKAV 9 /SATYA DHARMA KALA'),
(674, 9, '1A6B', 'YONIF MEKANIS 741/GN'),
(675, 15, '1B0D', 'DRON KAVSER 1/PWPRES'),
(676, 15, '1C0B', 'YON ARMED-7/105 GS'),
(677, 15, '1D1A', 'MEN ARHANUD-1'),
(678, 15, '1D1B', 'YON ARHANUD 6/BAY/1/F'),
(679, 15, '1D1C', 'YONARHANUD 10/ABC/1/F'),
(680, 15, '1D1D', 'DENARHANUD 003/ARK'),
(681, 15, '1E0B', 'DENZIPUR 3/ATD'),
(682, 15, '2Z1A', 'KOREM 051/WIJAYAKARTA'),
(683, 15, '2Z1B', 'KODIM 0504/JAKARTA SELATAN REM-051'),
(684, 15, '2Z1C', 'KODIM 0505/JAKARTA TIMUR REM-051'),
(685, 15, '2Z1D', 'KODIM 0507/BEKASI KOTA REM-051'),
(686, 15, '2Z1E', 'KODIM 0508/DEPOK REM-051'),
(687, 15, '2Z1F', 'KODIM 0509/KAB BEKASI REM-051'),
(688, 15, '2Z2A', 'KOREM 052/WIJAYAKRAMA'),
(689, 15, '2Z2B', 'KODIM 0502/JAKARTA UTARA REM-052'),
(690, 15, '2Z2C', 'KODIM 0503/JAKARTA BARAT REM-052'),
(691, 15, '2Z2D', 'KODIM 0506/TANGERANG REM-052'),
(692, 15, '3U0B', 'DENINTELDAM JAYA'),
(693, 15, '4A0B', 'RINDAM JAYA'),
(694, 15, '4E0B', 'ZIDAM JAYA'),
(695, 15, '4F0B', 'POMDAM JAYA'),
(696, 15, '4G0B', 'BEKANGDAM JAYA'),
(697, 15, '4G0D', 'TEPBEK TYPE A DAM JAYA'),
(698, 15, '4H0B', 'KUMDAM JAYA'),
(699, 15, '4J0B', 'PUSKOPAD A DAM JAYA'),
(700, 15, '4K0B', 'KESDAM JAYA'),
(701, 15, '4L0B', 'PENDAM JAYA'),
(702, 15, '4M0B', 'PALDAM JAYA'),
(703, 15, '4N0B', 'HUBDAM JAYA'),
(704, 15, '4P0B', 'AJENDAM JAYA'),
(705, 15, '4P0D', 'BABINMINVETCADDAM JAYA'),
(706, 15, '4Q0B', 'KUDAM JAYA'),
(707, 15, '4R0B', 'TOPDAM JAYA'),
(708, 15, '4S0B', 'BINTALDAM JAYA'),
(709, 15, '4T0B', 'INFOLAHTADAM JAYA'),
(710, 15, '4U0B', 'SANDIDAM JAYA'),
(711, 15, '4W0B', 'JASDAM JAYA'),
(712, 15, '4Z0A', 'DENMADAM JAYA'),
(713, 15, '4Z0B', 'ITDAM JAYA'),
(714, 16, '1A0B', 'YONIF RAIDER 733/MASARIKU'),
(715, 16, '1A1B', 'YONIF 731/KABARESI'),
(716, 16, '1A1C', 'YONIF RK 732/BANAU'),
(717, 16, '1A1D', 'YONIF 734/SATRIA NUSA SAMUDRA'),
(718, 67, '4Y0C', 'BALAKADA PUSPENERBAD'),
(719, 67, '4Y0D', 'BENGPUS PENERBAD'),
(720, 19, '3U0B', 'YON SATRIA SANDI YUDHA KOSTRAD'),
(721, 16, '1B0B', 'DEN KAV-5/BIRGUS LATRO CAKTI'),
(722, 16, '1E0D', 'DEN ZIPUR-5/CMG'),
(723, 16, '2Z1A', 'KOREM 151/BINAIYA'),
(724, 16, '2Z1C', 'KODIM 1502/MASOHI REM-151'),
(725, 16, '2Z1D', 'KODIM 1503/TUAL REM-151'),
(726, 16, '2Z1F', 'KODIM 1506/NAMLEA REM-151'),
(727, 16, '2Z1G', 'KODIM 1507/SAUMLAKI REM-151'),
(728, 16, '2Z2A', 'KOREM 152/BABULLAH'),
(729, 16, '2Z2B', 'KODIM 1501/TERNATE REM-152'),
(730, 16, '2Z2C', 'KODIM 1505/TIDORE REM-152'),
(731, 16, '2Z2D', 'KODIM 1508/TOBELO REM-152'),
(732, 16, '2Z2E', 'KODIM 1509/LABUHA REM-152'),
(733, 16, '3U0B', 'DENINTELDAM-XVI/PTM'),
(734, 16, '4A0B', 'RINDAM-XVI/PTM'),
(735, 16, '4E0B', 'ZIDAM-XVI/PTM'),
(736, 16, '4F0B', 'POMDAM-XVI/PTM'),
(737, 16, '4F0C', 'DENPOM XVI/1 TERNATE'),
(738, 16, '4F0D', 'DENPOM XVI/2 MASOHI'),
(739, 16, '4G0B', 'BEKANGDAM-XVI/PTM'),
(740, 16, '4G0C', 'DENBEKANG XVI-44-02 TERNATE'),
(741, 16, '4H0B', 'KUMDAM-XVI/PTM'),
(742, 16, '4J0B', 'PUSKOPAD B DAM XVI/PATTIM'),
(743, 16, '4K0B', 'KESDAM-XVI/PTM'),
(744, 16, '4K0C', 'DENKESYAH 16.04 .01 TERNATE'),
(745, 16, '4L0B', 'PENDAM-XVI/PTM'),
(746, 16, '4M0B', 'PALDAM-XVI/PTM'),
(747, 16, '4N0B', 'HUBDAM-XVI/PTM'),
(748, 16, '4P0B', 'AJENDAM-XVI/PTM'),
(749, 16, '4P0D', 'BABIMINVETCADDAM-XVI/PTM'),
(750, 16, '4Q0B', 'KUDAM-XVI/PTM'),
(751, 16, '4R0B', 'TOPDAM-XVI/PTM'),
(752, 2, '1B0C', 'KIKAV-5/GRAHA CETA CAKTI'),
(753, 16, '4S0B', 'BINTALDAM-XVI/PTM'),
(754, 68, '4U0B', 'PUSINTELAD'),
(755, 16, '4T0B', 'INFOLAHTADAM-XVI/PTM'),
(756, 16, '4U0B', 'SANDIDAM-XVI/PTM'),
(757, 16, '4W0B', 'JASDAM-XVI/PTM'),
(758, 16, '4Z0A', 'DENMADAM-XVI/PTM'),
(759, 16, '4Z0B', 'ITDAM-XVI/PTM'),
(760, 17, '4T0B', 'INFOLAHTADAM-XVII/CEN'),
(761, 17, '4U0B', 'SANDIDAM-XVII/CEN'),
(762, 17, '4W0B', 'JASDAM-XVII/CEN'),
(763, 17, '4Z0A', 'DENMADAM-XVII/CEN'),
(764, 17, '4Z0B', 'ITDAM-XVII/CEN'),
(765, 13, '3U0B', 'DENINTELDAM-XIII/MDK'),
(766, 13, '4E0B', 'ZIDAM-XIII/MDK'),
(767, 13, '4F0B', 'POMDAM-XIII/MDK'),
(768, 13, '4G0B', 'BEKANGDAM-XIII/MDK'),
(769, 13, '4H0B', 'KUMDAM-XIII/MDK'),
(770, 13, '4K0B', 'KESDAM-XIII/MDK'),
(771, 13, '4M0B', 'PALDAM-XIII/MDK'),
(772, 17, '3U0B', 'DENINTELDAM-XVII/CEN'),
(773, 17, '4A0B', 'RINDAM-XVII/CEN'),
(774, 17, '4A0C', 'DODIKLATPUR RINDAM-XVII/CEN'),
(775, 17, '4A0D', 'SECATA-A RINDAM-XVII/CEN'),
(776, 17, '4A0E', 'SECABA RINDAM-XVII/CEN'),
(777, 17, '4E0B', 'ZIDAM-XVII/CEN'),
(778, 17, '4F0B', 'POMDAM-XVII/CEN'),
(779, 17, '4G0B', 'BEKANGDAM-XVII/CEN'),
(780, 17, '4H0B', 'KUMDAM-XVII/CEN'),
(781, 17, '4K0B', 'KESDAM-XVII/CEN'),
(782, 17, '4L0B', 'PENDAM-XVII/CEN'),
(783, 17, '4M0B', 'PALDAM-XVII/CEN'),
(784, 17, '4N0B', 'HUBDAM-XVII/CEN'),
(785, 17, '4P0B', 'AJENDAM-XVII/CEN'),
(786, 17, '4P0D', 'BABINMINVETCADDAM-XVII/CEN'),
(787, 13, '4A0B', 'RINDAM-XIII/MDK'),
(788, 17, '4Q0B', 'KUDAM-XVII/CEN'),
(789, 17, '4R0B', 'TOPDAM-XVII/CEN'),
(790, 17, '4S0B', 'BINTALDAM-XVII/CEN'),
(791, 13, '4N0B', 'HUBDAM-XIII/MDK'),
(792, 13, '4P0B', 'AJENDAM-XIII/MDK'),
(793, 13, '4P0D', 'BABINMINVETCADDAM-XIII/MDK'),
(794, 13, '4Q0B', 'KUDAM-XIII/MDK'),
(795, 13, '4R0B', 'TOPDAM-XIII/MDK'),
(796, 13, '4S0B', 'BINTALDAM-XIII/MDK'),
(797, 13, '4T0B', 'INFOLAHTADAM-XIII/MDK'),
(798, 13, '4W0B', 'JASDAM-XIII/MDK'),
(799, 13, '4Z0A', 'DENMADAM-XIII/MDK'),
(800, 13, '2Z1A', 'KOREM-131/SANTIAGO'),
(801, 13, '2Z1B', 'KODIM 1301/SATAL REM-131'),
(802, 13, '2Z1C', 'KODIM 1302/MINAHASA REM-131'),
(803, 13, '2Z1D', 'KODIM 1303/BOLMONG REM-131'),
(804, 13, '2Z1E', 'KODIM 1304/GORONTALO REM-131'),
(805, 13, '2Z1F', 'KODIM 1309/MANADO REM-131'),
(806, 13, '2Z1G', 'KODIM 1310/BITUNG REM-131'),
(807, 13, '1A1B', 'YONIF-712/RAIDER'),
(808, 13, '2Z2A', 'KOREM-132/TADULAKO'),
(809, 13, '2Z2B', 'KODIM 1305/BUOL TOLI-TOLI REM-132'),
(810, 13, '2Z2C', 'KODIM 1306/DONGGALA REM-132'),
(811, 13, '2Z2D', 'KODIM 1307/POSO REM-132'),
(812, 13, '2Z2E', 'KODIM 1308/LUBUK BANGGAI REM-132'),
(813, 13, '2Z2F', 'KODIM 1311/MOROWALI REM-132'),
(814, 13, '1A4A', 'BRIGIF 22/OTA MANASA'),
(815, 18, '1A1C', 'GRUP-1 KOPASSUS'),
(816, 18, '1A1D', 'GRUP-2 KOPASSUS'),
(817, 18, '1A1E', 'GRUP-3 KOPASSUS'),
(818, 18, '1A1F', 'SAT-81 KOPASSUS'),
(819, 18, '4Z0A', 'DENMA KOPASSUS'),
(820, 18, '4Z0B', 'PUSDIKLATPASSUS KOPASSUS'),
(821, 19, '1A0A', 'MADIVIF 1/PRAKASA VIRA GUPTI'),
(822, 19, '1A1A', 'BRIGIF PARARAIDER 17/SBB'),
(823, 19, '1A1B', 'YONIF PARARAIDER 305/TENGKORAK'),
(824, 19, '1A1C', 'YONIF PARARAIDER 328/DIRGAHAYU'),
(825, 19, '4U0B', 'SANDI KOSTRAD'),
(826, 19, '1A1D', 'YONIF PARARAIDER 330/TRI DHARMA'),
(827, 19, '1A2A', 'BRIGIF PARARAIDER 3/TBS'),
(828, 19, '1A2B', 'YONIF PARARAIDER 431/SSP'),
(829, 19, '1A2C', 'YONIF PARARAIDER 432/WSJ'),
(830, 19, '1A2D', 'YONIF PARARAIDER 433/JS'),
(831, 19, '1A3A', 'BRIGIF RAIDER 13/GALUH'),
(832, 19, '1A3B', 'YONIF RAIDER 303/SSM'),
(833, 19, '1A3C', 'YONIF RAIDER 321/GT'),
(834, 19, '1A3D', 'YONIF RAIDER 323/BP'),
(835, 19, '1A5A', 'MADIVIF 2/VIRA CAKTI YUDHA'),
(836, 19, '1A6A', 'BRIGIF PARARAIDER 18/TRISULA'),
(837, 19, '1A6B', 'YONIF PARARAIDER 501/BY'),
(838, 19, '1A6C', 'YONIF PARARAIDER 502/UY'),
(839, 19, '1A6D', 'YONIF PARARAIDER 503/MAYANGKARA'),
(840, 19, '1A8A', 'BRIGIF RAIDER 9/DY'),
(841, 19, '1A8B', 'YONIF RAIDER 509/BWY'),
(842, 19, '1A8C', 'YONIF RAIDER 514/SY'),
(843, 19, '1A8D', 'YONIF RAIDER 515/UTY'),
(844, 19, '1A9A', 'BRIGIF RAIDER MEKANIS 6/TSB'),
(845, 19, '1A9B', 'YONIF MEKANIS RAIDER 411/PDW'),
(846, 19, '1A9C', 'YONIF MEKANIS RAIDER 412/BES'),
(847, 19, '1A9D', 'YONIF MEKANIS RAIDER 413/BREMORO'),
(848, 19, '1A9E', 'YONIF 411/RAIDER/6/2 KOSTRAD'),
(849, 19, '1B0B', 'YON KAV-1/BADAK CETA CAKTI'),
(850, 19, '1B0C', 'KIKAV 8/KALA SETIA CAKTI'),
(851, 19, '1B0D', 'KIKAV 1/ELANG SETIA CAKTI'),
(852, 19, '1B5B', 'YON KAV-8/TANK NARA SINGA W.'),
(853, 19, '1C1B', 'YON ARMED 9/155 GS/PASOPATI/1/1 KOSTRAD'),
(854, 19, '1C1C', 'YON ARMED 10/ROKET/BRADJAMUSTI/1/1 KOSTRAD'),
(855, 19, '1C1D', 'YON ARMED 13/76/NANGGALA/1/1 KOSTRAD'),
(856, 19, '1C6A', 'MEN ARMED 2/PY/2 KOSTRAD'),
(857, 5, '1C6B', 'YON ARMED-8/105 TARIK'),
(858, 19, '1C6C', 'YON ARMED 11/76/GG/2/2 KOSTRAD'),
(859, 19, '1C6D', 'YON ARMED 12/155 GS/AY/2/2 KOSTRAD'),
(860, 19, '1D0B', 'YON ARHANUDRI-1/KOMPOSIT'),
(861, 19, '1D5B', 'YON ARHANUDRI-2/KOMPOSIT'),
(862, 19, '1E0B', 'YON ZIPUR-9/LANGLANG BUANA'),
(863, 19, '1E5B', 'YON ZIPUR-10/JALADRI PALAKA'),
(864, 19, '1G0B', 'YON BEKANG DIVIF-1/BHAKTI KJ'),
(865, 19, '1G5B', 'YON BEKANG DIVIF-2/MAWAT WJ.'),
(866, 19, '1K0B', 'YONKES DIVIF-2/YUDHA BHAKTI HUSADA'),
(867, 19, '1K5B', 'YONKES DIVIF-1/YUDHA KRIDA HUSADA'),
(868, 19, '1M0B', 'DENPAL DIVIF-1 KOSTRAD'),
(869, 19, '1M5B', 'DENPAL DIVIF-2 KOSTRAD'),
(870, 19, '1N0B', 'DENHUB DIVIF-1 KOSTRAD'),
(871, 19, '1N5B', 'DENHUB DIVIF-2 KOSTRAD'),
(872, 19, '1P0B', 'AJEN DIVIF-1 KOSTRAD'),
(873, 19, '1P5B', 'AJEN DIVIF-2 KOSTRAD'),
(874, 19, '4E0B', 'ZI KOSTRAD'),
(875, 19, '4F0B', 'POM KOSTRAD'),
(876, 19, '4G0B', 'BEKANG KOSTRAD'),
(877, 19, '4H0B', 'KUM KOSTRAD'),
(878, 19, '4K0B', 'KES KOSTRAD'),
(879, 19, '4L0B', 'PEN KOSTRAD'),
(880, 19, '4M0B', 'PAL KOSTRAD'),
(881, 19, '4N0B', 'HUB KOSTRAD'),
(882, 19, '4P0B', 'AJEN KOSTRAD'),
(883, 19, '4Q0B', 'KU KOSTRAD'),
(884, 19, '4S0B', 'BINTAL KOSTRAD'),
(885, 19, '4T0B', 'INFOLAHTA KOSTRAD'),
(886, 19, '4W0B', 'BINJAS KOSTRAD'),
(887, 19, '4Z0A', 'DENMA KOSTRAD'),
(888, 19, 'AZ0B', 'DENHARRAHLAT KOSTRAD'),
(889, 20, '1Z0B', 'KODIKLATAD'),
(890, 20, '1Z0C', 'PUSDIK GUMILTIH'),
(891, 20, '1Z0D', 'PUSLATPUR'),
(892, 20, '1Z0E', 'PUSSIMPUR KODIKLATAD'),
(893, 20, '4A0X', 'PUSDIKIF'),
(894, 20, '4B0Y', 'PUSDIKKAV'),
(895, 20, '4C0F', 'POLTEKAD'),
(896, 20, '4C0V', 'PUSDIKARMED'),
(897, 20, '4D0W', 'PUSDIKARHANUD'),
(898, 20, '4E0R', 'PUSDIKZI'),
(899, 20, '4F0H', 'PUSDIKPOM'),
(900, 20, '4G0B', 'DENJASA KODIKLATAD'),
(901, 20, '4G0I', 'PUSDIKBEKANG'),
(902, 20, '4H0Q', 'PUSDIKKUM'),
(903, 20, '4J0B', 'PUSKOPAD A KODIKLATAD'),
(904, 20, '4K0S', 'PUSDIKKES'),
(905, 20, '4M0B', 'DENPAL KODIKLATAD'),
(906, 20, '4M0J', 'PUSDIKPAL'),
(907, 20, '4N0B', 'DENHUB KODIKLATAD'),
(908, 20, '4N0K', 'PUSDIKHUB'),
(909, 20, '4P0B', 'AJEN KODIKLATAD'),
(910, 20, '4P0L', 'PUSDIKAJEN'),
(911, 20, '4Q0B', 'KU KODIKLATAD'),
(912, 20, '4Q0M', 'PUSDIKKU'),
(913, 20, '4R0T', 'PUSDIKTOP'),
(914, 20, '4U0N', 'PUSDIKINTEL'),
(915, 20, '4W0F', 'PUSDIK JAS'),
(916, 21, '4E0H', 'BENGPUSZI'),
(917, 20, '4Z0B', 'DOPUSALINS KODIKLATAD'),
(918, 20, '4Z0C', 'PUSDIK PENGMILUM'),
(919, 20, '4Z0G', 'PUSDIK KOWAD'),
(920, 21, '1E1A', 'MEN ZIKON'),
(921, 21, '1E1B', 'YON ZIKON-11/DURDHAGA WIGHRA'),
(922, 21, '1E1C', 'YON ZIKON-12/KARANA JAYA'),
(923, 21, '1E1D', 'YON ZIKON-13/KARYA ETMAKA'),
(924, 21, '1E1E', 'YON ZIKON-14/SRADHA WIRYA'),
(925, 21, '4E0B', 'PUSZIAD'),
(926, 91, '4B0B', 'BIRO HUMAS KEMHAN RI'),
(927, 21, '4E0D', 'KIZI JIHANDAK'),
(928, 21, '4E0E', 'KIZI NUBIKA'),
(929, 21, '4E0F', 'BALAK ADA DITZIAD'),
(930, 21, '4E0G', 'LABORATORIUM ZENI DITZIAD'),
(931, 22, '4G0B', 'PUSBEKANGAD'),
(932, 22, '4G0D', 'BENGPUSBEKANG'),
(933, 22, '4G0E', 'YONBEKANG-3/RAT'),
(934, 22, '4G0F', 'SATANGAIR'),
(935, 22, '4G0G', 'YONBEKANG-5/PERBEKUD'),
(936, 22, '4G0H', 'TERMBEKANG-1/JAKARTA'),
(937, 22, '4G0J', 'TERMBEKANG-2/SURABAYA'),
(938, 22, '4G0K', 'TERMBEKANG MAKASSAR'),
(939, 22, '4G0L', 'TERMBEKANG BELAWAN'),
(940, 22, '4G0M', 'GUPUSBEKANG-1/JAKARTA'),
(941, 22, '4G0N', 'GUPUSBEKANG-2/SURABAYA'),
(942, 23, '4M0B', 'PUSPALAD'),
(943, 23, '4M0D', 'BENGPUSPAL'),
(944, 24, '4N0B', 'PUSHUBAD'),
(945, 24, '4N0C', 'GUPUSHUB'),
(946, 24, '4N0D', 'BENGPUSHUB'),
(947, 24, '4N0E', 'YON HUB/CANDYA WIRATAMA'),
(948, 24, '4N0F', 'BALAKADA'),
(949, 25, '4K0B', 'PUSKESAD'),
(950, 25, '4K0C', 'LAKESMIL'),
(951, 25, '4K0D', 'LAFIAD'),
(952, 25, '4K0E', 'LABIOMED'),
(953, 25, '4K0F', 'RSPAD GATOT SOEBROTO'),
(954, 25, '4K0G', 'LAKESGILUT'),
(955, 25, '4K0H', 'LAPALKES'),
(956, 25, '4K0J', 'GUPUS-I'),
(957, 25, '4K0K', 'GUPUS-II'),
(958, 26, '4P0B', 'DITAJENAD'),
(959, 27, '4R0B', 'DITTOPAD'),
(960, 28, '4Q0B', 'DITKUAD'),
(961, 28, '4Q0C', 'KUPUS-II DITKUAD'),
(962, 28, '4Q0D', 'KUPUS-I DITKUAD'),
(963, 29, '4H0B', 'DITKUMAD'),
(964, 29, '4H0D', 'STHM'),
(965, 41, '4W0B', 'DISJASAD'),
(966, 91, '4B0C', 'PUSKU KEMHAN RI'),
(967, 42, '4L0B', 'DISPENAD'),
(968, 43, '4S0B', 'DISBINTALAD'),
(969, 43, '4S0C', 'UNIT DISBINTALAD'),
(970, 44, '4Z0B', 'DISPSIAD'),
(971, 45, '4Z0B', 'DISLITBANGAD'),
(972, 45, '4Z0C', 'LAB I DISLITBANGAD/BATUJAJAR'),
(973, 45, '4Z0D', 'LAB II DISLITBANGAD/BANDUNG'),
(974, 46, '4T0B', 'DISINFOLAHTAD'),
(975, 47, '4X0B', 'DISJARAHAD'),
(976, 61, '4A0B', 'PUSSENIF'),
(977, 62, '4B0B', 'PUSSENKAV'),
(978, 62, '4B0C', 'DENKAVKUD'),
(979, 63, '4C0B', 'PUSSENARMED'),
(980, 64, '4D0B', 'PUSSENARHANUD'),
(981, 64, '4D0C', 'DOHAR SISTA ARHANUD'),
(982, 65, '4F0B', 'PUSPOMAD'),
(983, 65, '4F0C', 'YONPOMAD'),
(984, 66, '4Z0B', 'PUSTERAD'),
(985, 66, '4Z0P', 'PUSDIKTER'),
(986, 67, '1Y1A', 'LANUMAD A YANI'),
(987, 67, '1Y1B', 'SKADRON-11/SERBU'),
(988, 67, '1Y1C', 'SKADRON-21/SENA'),
(989, 67, '1Y1D', 'SKADRON-31/SERBU'),
(990, 67, '1Y1E', 'LANUDAD GATOT SOEBROTO'),
(991, 67, '1Y1F', 'SKADRON 12/SERBU'),
(992, 71, '4J0C', 'PUSKOPAD \'B\' AKMIL'),
(993, 71, '4Z0B', 'AKMIL'),
(994, 72, '4Z0B', 'SESKOAD'),
(995, 73, '4Z0B', 'SECAPAAD'),
(996, 81, '4J0B', 'PUSKOPAD A MABESAD'),
(997, 81, '4Z0A', 'DENMA MABESAD'),
(998, 81, '4Z0B', 'SETUMAD'),
(999, 81, '4Z0C', 'STAF AHLI KASAD'),
(1000, 82, '4Z0B', 'ITJENAD'),
(1001, 83, '4J0B', 'INKOPAD'),
(1002, 84, '4V0B', 'BP TWP TNI AD'),
(1003, 91, '4Z0B', 'SETJEN KEMHAN RI'),
(1004, 12, '2Z0B', 'KODIM 1207/PONTIANAK'),
(1005, 91, '4B0M', 'ITJEN KEMHAN RI'),
(1006, 90, '2Z0A', 'STER TNI'),
(1007, 90, '3U0A', 'SINTEL TNI'),
(1008, 90, '3U1A', 'BAIS TNI'),
(1009, 90, '4A1A', 'SOPS TNI'),
(1010, 90, '4Z0F', 'PUSJASPERMILDAS TNI'),
(1011, 90, '4A2A', 'SPERS TNI'),
(1012, 90, '4A2B', 'SESKO TNI'),
(1013, 90, '4A3A', 'SLOG TNI'),
(1014, 90, '4A3B', 'PUSINFOMAR TNI'),
(1015, 90, '4A4B', 'PUSJARAH TNI'),
(1016, 19, '1D0H', 'YON ARHANUD-16/SBC'),
(1017, 90, '4A5B', 'SETUM TNI'),
(1018, 90, '4A7A', 'ITJEN TNI'),
(1019, 90, '4A8A', 'SRENUM TNI'),
(1020, 90, '4A9A', 'SMIN PANGLIMA TNI'),
(1021, 90, '4C0A', 'KODIKLAT TNI'),
(1022, 90, '4F0B', 'PUSPOM TNI'),
(1023, 90, '4G0A', 'BABEK TNI'),
(1024, 90, '4H0C', 'BABINKUM TNI'),
(1025, 90, '4H1C', 'PUSMASMIL TNI'),
(1026, 21, '4E0I', 'GUDPUSZI'),
(1027, 90, '4H2C', 'MAHMILGUNG'),
(1028, 90, '4H3C', 'MAHMILTI'),
(1029, 90, '4L0A', 'PUSPEN TNI'),
(1030, 90, '4N0A', 'SKOMLEK TNI'),
(1031, 90, '4N6B', 'SATKOMLEK TNI'),
(1032, 90, '4Q0A', 'PUSKU TNI'),
(1033, 2, '2Z3K', 'KODIM 0429/LAMPUNG TIMUR REM-043'),
(1034, 90, '4R0A', 'PUSSURTA TNI'),
(1035, 90, '4S0A', 'PUSBINTAL TNI'),
(1036, 90, '4T0B', 'PUSINFOLAHTA TNI'),
(1037, 90, '4T0A', 'PUSKERSIN TNI'),
(1038, 90, '4X0A', 'BABINKAR TNI'),
(1039, 90, '4X0B', 'PUSDALOPS TNI'),
(1040, 2, '2Z5D', 'KODIM 0431/BANGKA BARAT REM-045'),
(1041, 12, '1A7E', 'YONIF 645/GARDATAMA YUDHA'),
(1042, 14, '1D0C', 'YONARHANUD 4/ARAKATA AKASA YUDHAKA'),
(1043, 90, '4Z0B', 'PASPAMPRES'),
(1044, 90, '4Z0C', 'KOGARTAP-I/JAKARTA'),
(1045, 90, '4Z0D', 'KOGARTAP-III/SURABAYA'),
(1046, 90, '4Z0E', 'PUSJIANTRALITBANG TNI'),
(1047, 19, '1A6E', 'DENPANDUTAIKAM BRIGIF PARA RAIDER 18/TRISULA DIV-2'),
(1048, 90, '4Z7B', 'DENMABES TNI'),
(1049, 93, '0000', 'BIN'),
(1050, 94, '0000', 'KEMENKO POLHUKAM RI'),
(1051, 99, '0000', 'TIDAK DIKETAHUI'),
(1052, 16, '2Z2F', 'KODIM 1510/SULA REM-152'),
(1053, 91, '4B0E', 'BAINSTRAHAN KEMHAN RI'),
(1054, 91, '4B0F', 'BADIKLAT KEMHAN RI'),
(1055, 91, '4B0G', 'BALITBANG KEMHAN RI'),
(1056, 91, '4B0H', 'BARANAHAN KEMHAN RI'),
(1057, 91, '4B0I', 'DITJEN KUATHAN KEMHAN RI'),
(1058, 91, '4B0J', 'DITJEN POTHAN KEMHAN RI'),
(1059, 91, '4B0K', 'DITJEN RENHAN KEMHAN RI'),
(1060, 91, '4B0L', 'DITJEN STRAHAN KEMHAN RI'),
(1061, 98, '4Z0A', 'KEMENTRIAN & LEMBAGA LAINNYA'),
(1062, 97, '4Z0A', 'LEMHANNAS RI'),
(1063, 92, '4Z0A', 'SETJEN WANTANNAS'),
(1064, 90, '4Z7A', 'STAF UMUM TNI'),
(1065, 90, '4Z7C', 'SAHLI PANGLIMA TNI'),
(1066, 90, '4Z0G', 'KOGARTAP-II/BDG & CMH'),
(1067, 13, '1A1C', 'YONIF-713/SATYATAMA'),
(1068, 13, '1A2B', 'YONIF 711/RAKSATAMA'),
(1069, 13, '1A2D', 'YONIF RAIDER 715/MOTULIATO'),
(1070, 13, '1C0C', 'YONARMED-19/105/TARIK/BOGANI'),
(1071, 13, '1B0C', 'KIKAV 10/MANGUNI SETIA CAKTI'),
(1072, 13, '1E0C', 'DEN ZIPUR-4'),
(1073, 8, '3U0B', 'DENINTELDAM-XVIII/KSR'),
(1074, 8, '4E0B', 'ZIDAM-XVIII/KSR'),
(1075, 8, '4F0B', 'POMDAM-XVIII/KSR'),
(1076, 8, '4G0B', 'BEKANGDAM-XVIII/KSR'),
(1077, 8, '4H0B', 'KUMDAM-XVIII/KSR'),
(1078, 8, '4K0B', 'KESDAM-XVIII/KSR'),
(1079, 8, '4L0B', 'PENDAM-XVIII/KSR'),
(1080, 8, '4M0B', 'PALDAM-XVIII/KSR'),
(1081, 8, '4N0B', 'HUBDAM-XVIII/KSR'),
(1082, 8, '4P0B', 'AJENDAM-XVIII/KSR'),
(1083, 8, '4P0D', 'BABINMINVETCADDAM-XVIII/KSR'),
(1084, 8, '4Q0B', 'KUDAM-XVIII/KSR'),
(1085, 8, '4R0B', 'TOPDAM-XVIII/KSR'),
(1086, 8, '4S0B', 'BINTALDAM-XVIII/KSR'),
(1087, 8, '4T0B', 'INFOLAHTADAM-XVIII/KSR'),
(1088, 8, '4W0B', 'JASDAM-XVIII/KSR'),
(1089, 8, '4Z0A', 'DENMADAM-XVIII/KSR'),
(1090, 8, '2Z1A', 'KOREM-181/PVT'),
(1091, 8, '2Z1B', 'KODIM 1801/MANOKWARI REM-181'),
(1092, 8, '2Z1C', 'KODIM 1802/SORONG REM-181'),
(1093, 8, '2Z1D', 'KODIM 1803/FAK-FAK REM-181'),
(1094, 25, '4K0L', 'LABIOVAK'),
(1095, 8, '2Z1F', 'KODIM 1804/KAIMANA REM-181'),
(1096, 8, '1A2B', 'YONIF 762/VIRA YUDHA SAKTI'),
(1097, 8, '1E0F', 'DENZIPUR 13'),
(1098, 14, '1C0B', 'YON ARMED 6-105/TARIK'),
(1099, 22, '4G0C', 'BALAKADA PUSBEKANGAD'),
(1100, 10, '1A1A', 'BRIGIF 25/SIWAH'),
(1101, 95, '0000', 'BNPB (BASARNAS)'),
(1102, 12, '2Z1H', 'KODIM 1017/LAMANDAU REM 102'),
(1103, 12, '2Z2I', 'KODIM 1208/SAMBAS REM-121'),
(1104, 17, '1A1B', 'YONIF 757/GHUPTA VIRA'),
(1105, 91, '4Z0C', 'UNIVERSITAS PERTAHANAN KEMHAN RI'),
(1106, 7, '2Z2F', 'KODIM 1311/MOROWALI REM-132'),
(1107, 17, '2Z2I', 'KODIM 1715/YAHUKIMO REM 172'),
(1108, 6, '2Z3A', 'KOREM 092/MAHARAJALILA'),
(1109, 48, '4Z0D', 'DISLAIKAD'),
(1110, 7, '1A0B', 'YONIF 700/RAIDER'),
(1111, 7, '1A1B', 'YONIF-712/RAIDER'),
(1112, 7, '1A1C', 'YONIF-713/SATYATAMA'),
(1113, 7, '1A2B', 'YONIF 711/RAKSATAMA'),
(1114, 7, '1A2C', 'YONIF 714/SINTUWU MAROSO'),
(1115, 7, '1A2D', 'YONIF715/MOTULIANTO'),
(1116, 7, '1A3B', 'YONIF 726/TAMALATEA'),
(1117, 7, '1A4A', 'BRIGIF 22/OTA MANASA'),
(1118, 7, '1A4B', 'YONIF 721/MAKKASAU'),
(1119, 7, '1A5B', 'YONIF 725/WOROAGI'),
(1120, 7, '1B0B', 'YON KAV-10/SERBU'),
(1121, 7, '1B0C', 'KIKAVSER BS'),
(1122, 7, '1C0B', 'YON ARMED 6-105/TARIK'),
(1123, 7, '1C0C', 'YONARMED-19/105/TARIK/BOGANI'),
(1124, 7, '1D0D', 'RAI ARHANUDRI 141/BS'),
(1125, 7, '1D0H', 'YON ARHANUDSE 16/MALEO'),
(1126, 7, '1E0B', 'YON ZIPUR-8'),
(1127, 7, '1E0C', 'DEN ZIPUR-4'),
(1128, 7, '2Z0B', 'KODIM 1408 BS'),
(1129, 7, '2Z1A', 'KOREM-131/SANTIAGO'),
(1130, 7, '2Z1B', 'KODIM 1301/SATAL REM-131'),
(1131, 7, '2Z1C', 'KODIM 1302/MINAHASA REM-131'),
(1132, 7, '2Z1D', 'KODIM 1303/BOLMONG REM-131'),
(1133, 7, '2Z1E', 'KODIM 1304/GORONTALO REM-131'),
(1134, 7, '2Z1F', 'KODIM 1309/MANADO REM-131'),
(1135, 7, '2Z1G', 'KODIM 1310/BITUNG REM-131'),
(1136, 7, '2Z2A', 'KOREM-132/TADULAKO'),
(1137, 7, '2Z2B', 'KODIM 1305/BUOL TOLI-TOLI REM-132'),
(1138, 7, '2Z2C', 'KODIM 1306/DONGGALA REM-132'),
(1139, 7, '2Z2D', 'KODIM 1307/POSO REM-132'),
(1140, 7, '2Z2E', 'KODIM 1308/LUBUK BANGGAI REM-132'),
(1141, 7, '2Z3A', 'KOREM-141/TODOPULI'),
(1142, 7, '2Z3B', 'KODIM 1406/WAJO REM-141'),
(1143, 7, '2Z3C', 'KODIM 1407/BONE REM-141'),
(1144, 7, '2Z3D', 'KODIM 1409/GOWA REM-141'),
(1145, 7, '2Z3E', 'KODIM 1410/BANTAENG REM-141'),
(1146, 7, '2Z3F', 'KODIM 1411/BULUKUMBA REM-141'),
(1147, 7, '2Z3G', 'KODIM 1415/SELAYAR REM-141'),
(1148, 7, '2Z3H', 'KODIM 1422/MAROS REM-141'),
(1149, 7, '2Z3K', 'KODIM 1424/SINJAI REM-141'),
(1150, 7, '2Z3L', 'KODIM 1425/JENEPONTO REM-141'),
(1151, 7, '2Z3M', 'KODIM 1426/TAKALAR REM-141'),
(1152, 7, '2Z4A', 'KOREM-142/TAROADA TAROGAU'),
(1153, 7, '2Z4B', 'KODIM 1401/MAJENE REM-142'),
(1154, 7, '2Z4C', 'KODIM 1402/POLMAS REM-142'),
(1155, 7, '2Z4D', 'KODIM 1403/PALOPO REM-142'),
(1156, 7, '2Z4E', 'KODIM 1404/PINRANG REM-142'),
(1157, 7, '2Z4F', 'KODIM 1405/MALLUSETASI REM-142'),
(1158, 7, '2Z4G', 'KODIM 1414/TATOR REM-142'),
(1159, 7, '2Z4H', 'KODIM 1418/MAMUJU REM-142'),
(1160, 7, '2Z4J', 'KODIM 1419/ENREKANG REM-142'),
(1161, 7, '2Z4K', 'KODIM 1420/SIDRAP REM-142'),
(1162, 7, '2Z4L', 'KODIM 1421/PANGKEP REM-142'),
(1163, 7, '2Z5A', 'KOREM-143/HALUOLEO'),
(1164, 7, '2Z5B', 'KODIM 1412/KOLAKA REM-143'),
(1165, 7, '2Z5C', 'KODIM 1413/BUTON REM-143'),
(1166, 7, '2Z5D', 'KODIM 1416/MUNA REM-143'),
(1167, 7, '2Z5E', 'KODIM 1417/KENDARI REM-143'),
(1168, 7, '3U0B', 'DENINTELDAM-VII/WRB'),
(1169, 7, '4A0B', 'RINDAM-VII/WRB'),
(1170, 7, '4E0B', 'ZIDAM-VII/WRB'),
(1171, 7, '4F0B', 'POMDAM-VII/WRB'),
(1172, 7, '4G0B', 'BEKANGDAM-VII/WRB'),
(1173, 7, '4H0B', 'KUMDAM-VII/WRB'),
(1174, 7, '4J0B', 'PUSKOPAD \"A\" DAM VII/WRB'),
(1175, 7, '4J0C', 'PUSKOPAD \"B\" DAM VII/WRB-MND'),
(1176, 7, '4K0B', 'KESDAM-VII/WRB'),
(1177, 7, '4L0B', 'PENDAM-VII/WRB'),
(1178, 7, '4M0B', 'PALDAM-VII/WRB'),
(1179, 7, '4N0B', 'HUBDAM-VII/WRB'),
(1180, 7, '4P0B', 'AJENDAM-VII/WRB'),
(1181, 7, '4P0D', 'BABINMINVETCADDAM-VII/WRB'),
(1182, 7, '4Q0B', 'KUDAM-VII/WRB'),
(1183, 7, '4R0B', 'TOPDAM-VII/WRB'),
(1184, 7, '4S0B', 'BINTALDAM-VII/WRB'),
(1185, 7, '4T0B', 'INFOLAHTADAM-VII/WRB'),
(1186, 7, '4U0B', 'SANDIDAM VII/WRB'),
(1187, 7, '4W0B', 'JASDAM-VII/WRB'),
(1188, 7, '4Z0A', 'DENMADAM-VII/WRB'),
(1189, 7, '4Z0B', 'ITDAM VII/WRB'),
(1190, 15, '2Z2E', 'KODIM 0510/TIGARAKSA REM-052'),
(1191, 17, '1E0F', 'DENZIPUR 13'),
(1192, 8, '2Z1I', 'KODIM 1807/SORONG SELATAN'),
(1193, 10, '2Z1I', 'KODIM 0117/ACEH TAMIANG REM-011'),
(1194, 10, '2Z2K', 'KODIM 0118/SUBULUSSALAM REM-012'),
(1195, 16, '1A1A', 'BRIGIF 27/NUSA INA'),
(1196, 2, '2Z4H', 'KODIM 0430/BANYUASIN REM-044'),
(1197, 17, '4J0B', 'PUSKOPAD B DAM XVII/CEN'),
(1198, 19, '1A1F', 'DENPANDUTAIKAM BRIGIF PARA RAIDER 17/SAKTI BUDHI BHAKTI DIV-1'),
(1199, 49, '4Z0B', 'DISADAAD'),
(1200, 91, '4T0B', 'PUSDATIN KEMHAN RI'),
(1201, 91, '4Z0A', 'KEMHAN RI'),
(1202, 69, '4U0T', 'PUSAT SANDI DAN SIBER TNI AD'),
(1203, 10, '2Z1J', 'KODIM 0119/BENER MERIAH REM-011'),
(1204, 14, '2Z5F', 'KODIM 1429/BUTON UTARA REM-143'),
(1205, 14, '2Z4N', 'KODIM 1428/MAMASA REM-142'),
(1206, 14, '1A1A', 'BRIGIF 11/BADIK SAKTI'),
(1207, 30, '4K0B', 'RSPAD GATOT SOEBROTO'),
(1208, 9, '1B0C', 'KIKAV KOMODO KSATRIA ANURAGA'),
(1209, 9, '2Z1O', 'KODIM 1629/SUMBA BARAT DAYA REM-161'),
(1210, 3, '2Z2G', 'KODIM 0624/KAB.BANDUNG REM-062'),
(1211, 19, '1A2E', 'DENPANDUTAIKAM BRIGIF PARA RAIDER 3/TRI BUDI SAKTI DIV-3'),
(1212, 19, '1N9B', 'DENHUB DIVIF-3 KOSTRAD'),
(1213, 19, '1M9B', 'DENPAL DIVIF-3 KOSTRAD'),
(1214, 19, '1F9B', 'DENPOM DIVIF-3 KOSTRAD'),
(1215, 10, '1A1E', 'YONIF 117/KSATRIA YUDHA'),
(1216, 8, '2Z2A', 'KOREM 182/JAZIRA ONIM'),
(1217, 8, '1A1A', 'BRIGIF 26/GURANA PIARAWAIMO'),
(1218, 8, '2Z1J', 'KODIM 1809/MAYBRAT REM-181'),
(1219, 8, '4A0B', 'RINDAM XVIII/KSR'),
(1220, 1, '1I1B', 'YON KOMPOSIT 1/GARDAPATI'),
(1221, 8, '2Z1K', 'KODIM 1810/TAMBRAUW'),
(1222, 8, '2Z2B', 'KODIM 1808/MANOKWARI SELATAN'),
(1223, 8, '1A5B', 'YONIF 763/SANETIA BUERAMA AMOR');
INSERT INTO `satminkal` (`id_satminkal`, `kode_kotama`, `kode_satminkal`, `nama_satminkal`) VALUES
(1224, 91, '4B0N', 'PUSLAIK KEMHAN RI'),
(1225, 91, '4B0P', 'PUSLAPBINKUHAN KEMHAN RI'),
(1226, 6, '2Z3B', 'KODIM 0903/BULUNGAN REM-092'),
(1227, 6, '2Z3C', 'KODIM 0907/TARAKAN REM 092/MAHARAJALILA'),
(1228, 6, '2Z3D', 'KODIM 0910/MALINAU REM-092'),
(1229, 6, '2Z3E', 'KODIM 0911/NUNUKAN REM-092'),
(1230, 14, '2Z3T', 'KODIM 1421/PANGKEP REM 141/TODOPULI'),
(1231, 98, '4Z0B', 'MAHKAMAH AGUNG RI'),
(1232, 6, '1B0D', 'KIKAV-13/MTC'),
(1233, 8, '2Z0B', 'KODIM 1801/MANOKWARI'),
(1234, 8, '2Z2C', 'KODIM 1804/KAIMANA REM 182/JAZIRA ONIM'),
(1235, 8, '2Z2D', 'KODIM 1803/FAK-FAK REM 182/JAZIRA ONIM'),
(1236, 8, '2Z2E', 'KODIM 1806/TELUK BINTUNI REM 182/JAZIRA ONIM'),
(1237, 10, '2Z0B', 'KODIM 0101/BS BANDA ACEH'),
(1238, 13, '2Z3E', 'KODIM 1304/GORONTALO REM 133/NANI WARABONE'),
(1239, 14, '2Z3N', 'KODIM 1403/PALOPO REM-141/TODOPULI'),
(1240, 14, '2Z3O', 'KODIM 1404/PINRANG REM 141/TODOPULI'),
(1241, 14, '2Z3P', 'KODIM 1405/PAREPARE REM-141/TODOPULI'),
(1242, 14, '2Z3Q', 'KODIM 1414/TATOR REM 141/TODOPULI'),
(1243, 14, '2Z3R', 'KODIM 1419/ENREKANG REM 141/TODOPULI'),
(1244, 14, '2Z3S', 'KODIM 1420/SIDRAP REM 141/TODOPULI'),
(1245, 14, '2Z4M', 'KODIM 1427/PASANGKAYU REM-142'),
(1246, 8, '2Z1G', 'KODIM 1805/RAJA AMPAT REM-181'),
(1247, 13, '2Z3A', 'KOREM 133/NANI WARTABONE'),
(1248, 13, '2Z3B', 'KODIM 1313/POHUWATO'),
(1249, 12, '1B0D', 'KIKAV 12/MACAN DAHAN CAKTI'),
(1250, 19, '1A7A', 'MADIVIF 3/DARPA CAKTI YUDHA'),
(1251, 8, '1A3B', 'YONIF 764/IB'),
(1252, 10, '1B0C', 'KIKAVSER BS'),
(1253, 9, '2Z2H', 'KODIM 1628/SUMBAWA BARAT'),
(1254, 19, '1A4A', 'BRIGIF RAIDER 20/IMA JAYA KERAMO'),
(1255, 19, '1A1E', 'YONIF RAIDER 754/EMENEME KANGASI'),
(1256, 19, '1A4B', 'YONIF RAIDER 755/YALET'),
(1257, 98, '4Z0E', 'BNN'),
(1258, 13, '2Z3C', 'KODIM 1314/GORUT'),
(1259, 90, '4N7C', 'SATSIBER TNI'),
(1260, 90, '4Z7D', 'KOOPSSUS TNI'),
(1261, 8, '2Z1H', 'KODIM 1806/BINTUNI'),
(1262, 90, '4Z7E', 'PMPP TNI'),
(1263, 8, '1A4B', 'YONIF 761/KIBIBOR AKINTING'),
(1264, 90, '4Z0H', 'KOGABWILHAN I'),
(1265, 90, '4Z0I', 'KOGABWILHAN II'),
(1266, 90, '4Z0J', 'KOGABWILHAN III'),
(1267, 92, '4Z0B', 'STAF AHLI BIDANG EKONOMI'),
(1268, 92, '4Z0C', 'STAF AHLI BIDANG SOSBUD'),
(1269, 92, '4Z0D', 'STAF AHLI BIDANG HANKAM'),
(1270, 92, '4Z0E', 'STAF AHLI BIDANG HUKUM'),
(1271, 92, '4Z0F', 'STAF AHLI BIDANG IPTEK'),
(1272, 92, '4Z0G', 'BIRO UMUM'),
(1273, 92, '4Z0H', 'BIRO KEUANGAN'),
(1274, 92, '4Z0I', 'BIRO PERSIDANGAN & HUMAS'),
(1275, 98, '4Z0C', 'BNPP'),
(1276, 98, '4Z0D', 'BNPT'),
(1277, 98, '4Z0U', 'BSSN'),
(1278, 16, '2Z2G', 'KODIM 1512/WEDA REM-152'),
(1279, 13, '1E0D', 'DENZIPUR-15'),
(1280, 6, '2Z3F', 'KODIM 0914/TANA TIDUNG REM-092'),
(1281, 17, '2Z3F', 'KODIM 1703/DEIYAI REM-173'),
(1282, 15, '1E0C', 'YON ZIPUR 11/DW'),
(1283, 13, '1E0B', 'YONZIPUR 19/YKN'),
(1284, 8, '1E0B', 'YONZIPUR 20/PPA'),
(1285, 2, '1E0C', 'DENZIPUR 14/GANA BHARDRIKA'),
(1286, 2, '1A1A', 'BRIGIF 8/GARUDA CAKTI'),
(1287, 15, '1B1A', 'BRIGKAV 1/LIMPUNG ALUGARA'),
(1288, 19, '1B0E', 'KIKAV 14/JULANG JAGRATARA'),
(1289, 6, '2Z2J', 'KODIM 1008/TABALONG REM-101'),
(1290, 1, '2Z6D', 'KODIM 0306/50 KOTA REM-032'),
(1291, 2, '2Z3F', 'KODIM 0422/LAMPUNG BARAT REM-043'),
(1292, 3, '2Z3J', 'KODIM 0619/PURWAKARTA REM-063'),
(1293, 4, '2Z3B', 'KODIM 0714/SALATIGA REM-073'),
(1294, 5, '2Z2C', 'KODIM 0812/LAMONGAN REM-082'),
(1295, 5, '2Z3E', 'KODIM 0822/BONDOWOSO REM-083'),
(1296, 14, '2Z3M', 'KODIM 1426/TAKALAR REM-141'),
(1297, 9, '2Z1C', 'KODIM 1602/ENDE REM-161'),
(1298, 10, '2Z2C', 'KODIM 0105/ABAR REM-012'),
(1299, 12, '2Z2H', 'KODIM 1207/BS'),
(1300, 15, '2Z0B', 'KODIM 0501'),
(1301, 16, '2Z1E', 'KODIM 1504/PULAU AMBON REM-151'),
(1302, 16, '2Z1H', 'KODIM 1511/PULAU MOA REM-151'),
(1303, 7, '2Z3J', 'KODIM 1423/SOPPENG REM-141'),
(1304, 13, '2Z1H', 'KODIM 1312/TALAUD REM-131'),
(1305, 1, '2Z5L', 'KODIM 0321/ROHIL REM-031'),
(1306, 13, '4L0B', 'PENDAM-XIII/MDK'),
(1307, 19, '1P9B', 'AJEN DIVIF-3 KOSTRAD'),
(1308, 19, '1C1A', 'MEN ARMED 1/SY/1 KOSTRAD'),
(1309, 19, '1C0C', 'YON ARMED 6/105 TARIK/TAMARUNANG/3KOSTRAD'),
(1310, 8, '4U0B', 'SANDIDAM-XVIII/KSR'),
(1311, 98, '4Z0K', 'BAKORKAMLA'),
(1312, 90, '4Z7F', 'STAF KHUSUS PANGLIMA TNI'),
(1313, 96, '4Z1A', 'SETMILPRES SETNEG RI'),
(1314, 90, '4Z0K', 'KOHANUDNAS'),
(1315, 98, '4Z0F', 'KEMENPAREKRAF');

-- --------------------------------------------------------

--
-- Struktur dari tabel `surat_keluar`
--

CREATE TABLE `surat_keluar` (
  `id_sk` int(11) NOT NULL,
  `id_klasifikasi` int(11) NOT NULL,
  `nomor_surat` varchar(50) NOT NULL COMMENT 'nomor surat sama dengan nomor agenda',
  `perihal` varchar(255) NOT NULL,
  `tanggal_surat` date DEFAULT NULL,
  `keterangan_surat` text NOT NULL,
  `dokumen` varchar(255) DEFAULT NULL,
  `sifat_surat` enum('Internal','Eksternal') DEFAULT NULL,
  `created_at` datetime DEFAULT NULL,
  `updated_at` datetime DEFAULT NULL,
  `deleted_at` datetime DEFAULT NULL
) ENGINE=InnoDB DEFAULT CHARSET=utf8mb4 COLLATE=utf8mb4_general_ci;

-- --------------------------------------------------------

--
-- Struktur dari tabel `surat_masuk`
--

CREATE TABLE `surat_masuk` (
  `id_sm` int(11) NOT NULL,
  `id_klasifikasi` int(10) NOT NULL,
  `nomor_surat` varchar(50) NOT NULL,
  `nomor_agenda` varchar(50) NOT NULL COMMENT 'Contoh : B/1/V/2024',
  `perihal` varchar(255) NOT NULL,
  `tanggal_surat` date DEFAULT NULL,
  `diterima_dari` varchar(200) NOT NULL,
  `fisik_surat` varchar(100) NOT NULL,
  `keterangan_surat` text NOT NULL,
  `dokumen` varchar(255) DEFAULT NULL,
  `created_at` datetime DEFAULT NULL,
  `updated_at` datetime DEFAULT NULL,
  `deleted_at` datetime DEFAULT NULL
) ENGINE=InnoDB DEFAULT CHARSET=utf8mb4 COLLATE=utf8mb4_general_ci;

-- --------------------------------------------------------

--
-- Struktur dari tabel `tracking_surat`
--

CREATE TABLE `tracking_surat` (
  `id_tracking` int(11) NOT NULL,
  `id_tujuan` int(11) NOT NULL,
  `id_personel` int(11) NOT NULL,
  `pengiriman` enum('Ekspedisi','Tidak Ekspedisi') NOT NULL,
  `no_resi` varchar(100) NOT NULL,
  `diterima_oleh` varchar(150) NOT NULL,
  `tanggal_dikirim` date DEFAULT NULL,
  `status` enum('Terkirim','Proses Pengiriman') DEFAULT NULL,
  `created_at` datetime DEFAULT NULL,
  `updated_at` datetime DEFAULT NULL,
  `deleted_at` datetime DEFAULT NULL
) ENGINE=InnoDB DEFAULT CHARSET=utf8mb4 COLLATE=utf8mb4_general_ci;

-- --------------------------------------------------------

--
-- Struktur dari tabel `transaksi_disposisi`
--

CREATE TABLE `transaksi_disposisi` (
  `id_transaksi` int(11) NOT NULL,
  `id_disposisi` int(11) NOT NULL,
  `id_user` int(11) NOT NULL,
  `id_bagian` int(11) NOT NULL,
  `created_at` datetime DEFAULT NULL,
  `updated_at` datetime DEFAULT NULL,
  `deleted_at` datetime DEFAULT NULL
) ENGINE=InnoDB DEFAULT CHARSET=utf8mb4 COLLATE=utf8mb4_general_ci;

-- --------------------------------------------------------

--
-- Struktur dari tabel `tujuan_sk`
--

CREATE TABLE `tujuan_sk` (
  `id_tujuan` bigint(20) NOT NULL,
  `id_sk` int(11) NOT NULL,
  `tujuan_surat` varchar(255) NOT NULL,
  `deleted_at` datetime DEFAULT NULL
) ENGINE=InnoDB DEFAULT CHARSET=utf8mb4 COLLATE=utf8mb4_general_ci;

-- --------------------------------------------------------

--
-- Struktur dari tabel `users`
--

CREATE TABLE `users` (
  `id_user` int(11) NOT NULL,
  `id_personel` int(11) DEFAULT NULL,
  `username` varchar(50) NOT NULL COMMENT 'NRP /NIP',
  `password` varchar(200) NOT NULL,
  `level` enum('Admin','Kepala Satuan','Sesdis/Kasub','Kabag','Operator','Caraka','Personel') NOT NULL,
  `islogin` tinyint(1) NOT NULL DEFAULT 0,
  `lastlogin` datetime DEFAULT NULL,
  `active` tinyint(1) NOT NULL DEFAULT 0,
  `foto` varchar(255) NOT NULL,
  `created_at` datetime DEFAULT NULL,
  `updated_at` datetime DEFAULT NULL,
  `deleted_at` datetime DEFAULT NULL
) ENGINE=InnoDB DEFAULT CHARSET=utf8mb4 COLLATE=utf8mb4_general_ci;

--
-- Dumping data untuk tabel `users`
--

INSERT INTO `users` (`id_user`, `id_personel`, `username`, `password`, `level`, `islogin`, `lastlogin`, `active`, `foto`, `created_at`, `updated_at`, `deleted_at`) VALUES
(1, NULL, '1', '$2y$10$wdlhly7WbNipQudsEbYXSOyJalSpxMuyLHtzw5ns.nNjGmt2SYLjG', 'Admin', 1, '2024-08-31 20:23:07', 1, 'assets/images/users/avatar-1.jpg', '2024-07-14 18:31:29', NULL, NULL),
(2, 2, '199804122020122002', '$2y$10$h/n4.I3M4Rso6bp0/.ZDLuN2xUR9OSDu.jU52rGqIFud.8WP5/es6', 'Operator', 1, '2024-08-31 12:40:59', 1, 'assets/uploads/profile/e0f71bb1c13031b109c3cac931173da3.jpg', '2024-07-25 00:34:33', '2024-08-31 14:39:15', NULL);

--
-- Indexes for dumped tables
--

--
-- Indeks untuk tabel `bagian`
--
ALTER TABLE `bagian`
  ADD PRIMARY KEY (`id_bagian`);

--
-- Indeks untuk tabel `delegasi_sk`
--
ALTER TABLE `delegasi_sk`
  ADD PRIMARY KEY (`id_delegasi`);

--
-- Indeks untuk tabel `disposisi`
--
ALTER TABLE `disposisi`
  ADD PRIMARY KEY (`id_disposisi`);

--
-- Indeks untuk tabel `jawaban_disposisi`
--
ALTER TABLE `jawaban_disposisi`
  ADD PRIMARY KEY (`id_jawaban`);

--
-- Indeks untuk tabel `klasifikasi`
--
ALTER TABLE `klasifikasi`
  ADD PRIMARY KEY (`id_klasifikasi`);

--
-- Indeks untuk tabel `kopstuk`
--
ALTER TABLE `kopstuk`
  ADD PRIMARY KEY (`id_kopstuk`);

--
-- Indeks untuk tabel `kotama`
--
ALTER TABLE `kotama`
  ADD PRIMARY KEY (`id_kotama`),
  ADD UNIQUE KEY `kode_kotama` (`kode_kotama`);

--
-- Indeks untuk tabel `pemberitahuan`
--
ALTER TABLE `pemberitahuan`
  ADD PRIMARY KEY (`id_pemberitahuan`);

--
-- Indeks untuk tabel `personel`
--
ALTER TABLE `personel`
  ADD PRIMARY KEY (`id_personel`);

--
-- Indeks untuk tabel `satminkal`
--
ALTER TABLE `satminkal`
  ADD PRIMARY KEY (`id_satminkal`);

--
-- Indeks untuk tabel `surat_keluar`
--
ALTER TABLE `surat_keluar`
  ADD PRIMARY KEY (`id_sk`);

--
-- Indeks untuk tabel `surat_masuk`
--
ALTER TABLE `surat_masuk`
  ADD PRIMARY KEY (`id_sm`);

--
-- Indeks untuk tabel `tracking_surat`
--
ALTER TABLE `tracking_surat`
  ADD PRIMARY KEY (`id_tracking`);

--
-- Indeks untuk tabel `transaksi_disposisi`
--
ALTER TABLE `transaksi_disposisi`
  ADD PRIMARY KEY (`id_transaksi`);

--
-- Indeks untuk tabel `tujuan_sk`
--
ALTER TABLE `tujuan_sk`
  ADD PRIMARY KEY (`id_tujuan`);

--
-- Indeks untuk tabel `users`
--
ALTER TABLE `users`
  ADD PRIMARY KEY (`id_user`);

--
-- AUTO_INCREMENT untuk tabel yang dibuang
--

--
-- AUTO_INCREMENT untuk tabel `bagian`
--
ALTER TABLE `bagian`
  MODIFY `id_bagian` int(11) NOT NULL AUTO_INCREMENT, AUTO_INCREMENT=25;

--
-- AUTO_INCREMENT untuk tabel `delegasi_sk`
--
ALTER TABLE `delegasi_sk`
  MODIFY `id_delegasi` int(11) NOT NULL AUTO_INCREMENT, AUTO_INCREMENT=4;

--
-- AUTO_INCREMENT untuk tabel `disposisi`
--
ALTER TABLE `disposisi`
  MODIFY `id_disposisi` int(11) NOT NULL AUTO_INCREMENT, AUTO_INCREMENT=5;

--
-- AUTO_INCREMENT untuk tabel `jawaban_disposisi`
--
ALTER TABLE `jawaban_disposisi`
  MODIFY `id_jawaban` int(11) NOT NULL AUTO_INCREMENT, AUTO_INCREMENT=4;

--
-- AUTO_INCREMENT untuk tabel `klasifikasi`
--
ALTER TABLE `klasifikasi`
  MODIFY `id_klasifikasi` int(11) NOT NULL AUTO_INCREMENT, AUTO_INCREMENT=10;

--
-- AUTO_INCREMENT untuk tabel `kopstuk`
--
ALTER TABLE `kopstuk`
  MODIFY `id_kopstuk` int(11) NOT NULL AUTO_INCREMENT, AUTO_INCREMENT=3;

--
-- AUTO_INCREMENT untuk tabel `kotama`
--
ALTER TABLE `kotama`
  MODIFY `id_kotama` int(11) NOT NULL AUTO_INCREMENT, AUTO_INCREMENT=67;

--
-- AUTO_INCREMENT untuk tabel `pemberitahuan`
--
ALTER TABLE `pemberitahuan`
  MODIFY `id_pemberitahuan` int(11) NOT NULL AUTO_INCREMENT, AUTO_INCREMENT=3;

--
-- AUTO_INCREMENT untuk tabel `personel`
--
ALTER TABLE `personel`
  MODIFY `id_personel` int(11) NOT NULL AUTO_INCREMENT, AUTO_INCREMENT=18;

--
-- AUTO_INCREMENT untuk tabel `satminkal`
--
ALTER TABLE `satminkal`
  MODIFY `id_satminkal` int(11) NOT NULL AUTO_INCREMENT, AUTO_INCREMENT=1317;

--
-- AUTO_INCREMENT untuk tabel `surat_keluar`
--
ALTER TABLE `surat_keluar`
  MODIFY `id_sk` int(11) NOT NULL AUTO_INCREMENT, AUTO_INCREMENT=6;

--
-- AUTO_INCREMENT untuk tabel `surat_masuk`
--
ALTER TABLE `surat_masuk`
  MODIFY `id_sm` int(11) NOT NULL AUTO_INCREMENT, AUTO_INCREMENT=6;

--
-- AUTO_INCREMENT untuk tabel `tracking_surat`
--
ALTER TABLE `tracking_surat`
  MODIFY `id_tracking` int(11) NOT NULL AUTO_INCREMENT, AUTO_INCREMENT=6;

--
-- AUTO_INCREMENT untuk tabel `transaksi_disposisi`
--
ALTER TABLE `transaksi_disposisi`
  MODIFY `id_transaksi` int(11) NOT NULL AUTO_INCREMENT, AUTO_INCREMENT=9;

--
-- AUTO_INCREMENT untuk tabel `tujuan_sk`
--
ALTER TABLE `tujuan_sk`
  MODIFY `id_tujuan` bigint(20) NOT NULL AUTO_INCREMENT, AUTO_INCREMENT=12;

--
-- AUTO_INCREMENT untuk tabel `users`
--
ALTER TABLE `users`
  MODIFY `id_user` int(11) NOT NULL AUTO_INCREMENT, AUTO_INCREMENT=13;
COMMIT;

/*!40101 SET CHARACTER_SET_CLIENT=@OLD_CHARACTER_SET_CLIENT */;
/*!40101 SET CHARACTER_SET_RESULTS=@OLD_CHARACTER_SET_RESULTS */;
/*!40101 SET COLLATION_CONNECTION=@OLD_COLLATION_CONNECTION */;
